image_name,original_image_path,Label
image_0,/lustre/groups/shared/histology_data/BM_cytomorphology_data/train/NGB/NGB_00355.jpg,NGB
image_1,/lustre/groups/shared/histology_data/BM_cytomorphology_data/train/BLA/BLA_04538.jpg,BLA
image_2,/lustre/groups/shared/histology_data/BM_cytomorphology_data/train/MYB/MYB_01556.jpg,MYB
image_3,/lustre/groups/shared/histology_data/BM_cytomorphology_data/train/BAS/BAS_00170.jpg,BAS
image_4,/lustre/groups/shared/histology_data/BM_cytomorphology_data/train/PLM/PLM_05492.jpg,PLM
image_5,/lustre/groups/shared/histology_data/BM_cytomorphology_data/train/PEB/PEB_00014.jpg,PEB
image_6,/lustre/groups/shared/histology_data/BM_cytomorphology_data/train/ART/ART_12425.jpg,ART
image_7,/lustre/groups/shared/histology_data/BM_cytomorphology_data/train/ART/ART_18426.jpg,ART
image_8,/lustre/groups/shared/histology_data/BM_cytomorphology_data/train/EOS/EOS_01034.jpg,EOS
image_9,/lustre/groups/shared/histology_data/BM_cytomorphology_data/train/PMO/PMO_02278.jpg,PMO
image_10,/lustre/groups/shared/histology_data/BM_cytomorphology_data/train/MON/MON_03283.jpg,MON
image_11,/lustre/groups/shared/histology_data/BM_cytomorphology_data/train/PLM/PLM_01440.jpg,PLM
image_12,/lustre/groups/shared/histology_data/BM_cytomorphology_data/train/LYT/LYT_08113.jpg,LYT
image_13,/lustre/groups/shared/histology_data/BM_cytomorphology_data/train/NIF/NIF_00383.jpg,NIF
image_14,/lustre/groups/shared/histology_data/BM_cytomorphology_data/train/NIF/NIF_03105.jpg,NIF
image_15,/lustre/groups/shared/histology_data/BM_cytomorphology_data/train/PEB/PEB_00160.jpg,PEB
image_16,/lustre/groups/shared/histology_data/BM_cytomorphology_data/train/BLA/BLA_02631.jpg,BLA
image_17,/lustre/groups/shared/histology_data/BM_cytomorphology_data/train/MMZ/MMZ_02810.jpg,MMZ
image_18,/lustre/groups/shared/histology_data/BM_cytomorphology_data/train/BLA/BLA_08702.jpg,BLA
image_19,/lustre/groups/shared/histology_data/BM_cytomorphology_data/train/NGS/NGS_18912.jpg,NGS
image_20,/lustre/groups/shared/histology_data/BM_cytomorphology_data/train/NGB/NGB_08156.jpg,NGB
image_21,/lustre/groups/shared/histology_data/BM_cytomorphology_data/train/MMZ/MMZ_02671.jpg,MMZ
image_22,/lustre/groups/shared/histology_data/BM_cytomorphology_data/train/ART/ART_08635.jpg,ART
image_23,/lustre/groups/shared/histology_data/BM_cytomorphology_data/train/PMO/PMO_04881.jpg,PMO
image_24,/lustre/groups/shared/histology_data/BM_cytomorphology_data/train/LYT/LYT_15169.jpg,LYT
image_25,/lustre/groups/shared/histology_data/BM_cytomorphology_data/train/LYT/LYT_00152.jpg,LYT
image_26,/lustre/groups/shared/histology_data/BM_cytomorphology_data/train/LYT/LYT_09926.jpg,LYT
image_27,/lustre/groups/shared/histology_data/BM_cytomorphology_data/train/MON/MON_01373.jpg,MON
image_28,/lustre/groups/shared/histology_data/BM_cytomorphology_data/train/NIF/NIF_00623.jpg,NIF
image_29,/lustre/groups/shared/histology_data/BM_cytomorphology_data/train/PLM/PLM_00553.jpg,PLM
image_30,/lustre/groups/shared/histology_data/BM_cytomorphology_data/train/PEB/PEB_00742.jpg,PEB
image_31,/lustre/groups/shared/histology_data/BM_cytomorphology_data/train/HAC/HAC_00025.jpg,HAC
image_32,/lustre/groups/shared/histology_data/BM_cytomorphology_data/train/BLA/BLA_05121.jpg,BLA
image_33,/lustre/groups/shared/histology_data/BM_cytomorphology_data/train/MMZ/MMZ_02377.jpg,MMZ
image_34,/lustre/groups/shared/histology_data/BM_cytomorphology_data/train/PEB/PEB_01919.jpg,PEB
image_35,/lustre/groups/shared/histology_data/BM_cytomorphology_data/train/MON/MON_03728.jpg,MON
image_36,/lustre/groups/shared/histology_data/BM_cytomorphology_data/train/BAS/BAS_00280.jpg,BAS
image_37,/lustre/groups/shared/histology_data/BM_cytomorphology_data/train/PEB/PEB_00946.jpg,PEB
image_38,/lustre/groups/shared/histology_data/BM_cytomorphology_data/train/OTH/OTH_00236.jpg,OTH
image_39,/lustre/groups/shared/histology_data/BM_cytomorphology_data/train/LYT/LYT_12987.jpg,LYT
image_40,/lustre/groups/shared/histology_data/BM_cytomorphology_data/train/MYB/MYB_00977.jpg,MYB
image_41,/lustre/groups/shared/histology_data/BM_cytomorphology_data/train/BLA/BLA_02892.jpg,BLA
image_42,/lustre/groups/shared/histology_data/BM_cytomorphology_data/train/HAC/HAC_00318.jpg,HAC
image_43,/lustre/groups/shared/histology_data/BM_cytomorphology_data/train/OTH/OTH_00212.jpg,OTH
image_44,/lustre/groups/shared/histology_data/BM_cytomorphology_data/train/NIF/NIF_00572.jpg,NIF
image_45,/lustre/groups/shared/histology_data/BM_cytomorphology_data/train/BAS/BAS_00270.jpg,BAS
image_46,/lustre/groups/shared/histology_data/BM_cytomorphology_data/train/EBO/EBO_04728.jpg,EBO
image_47,/lustre/groups/shared/histology_data/BM_cytomorphology_data/train/NGS/NGS_02306.jpg,NGS
image_48,/lustre/groups/shared/histology_data/BM_cytomorphology_data/train/BLA/BLA_04243.jpg,BLA
image_49,/lustre/groups/shared/histology_data/BM_cytomorphology_data/train/MMZ/MMZ_01536.jpg,MMZ
image_50,/lustre/groups/shared/histology_data/BM_cytomorphology_data/train/HAC/HAC_00253.jpg,HAC
image_51,/lustre/groups/shared/histology_data/BM_cytomorphology_data/train/MMZ/MMZ_01439.jpg,MMZ
image_52,/lustre/groups/shared/histology_data/BM_cytomorphology_data/train/ART/ART_02452.jpg,ART
image_53,/lustre/groups/shared/histology_data/BM_cytomorphology_data/train/MON/MON_01950.jpg,MON
image_54,/lustre/groups/shared/histology_data/BM_cytomorphology_data/train/BLA/BLA_09744.jpg,BLA
image_55,/lustre/groups/shared/histology_data/BM_cytomorphology_data/train/PMO/PMO_08157.jpg,PMO
image_56,/lustre/groups/shared/histology_data/BM_cytomorphology_data/train/OTH/OTH_00067.jpg,OTH
image_57,/lustre/groups/shared/histology_data/BM_cytomorphology_data/train/BAS/BAS_00419.jpg,BAS
image_58,/lustre/groups/shared/histology_data/BM_cytomorphology_data/train/MYB/MYB_04959.jpg,MYB
image_59,/lustre/groups/shared/histology_data/BM_cytomorphology_data/train/MON/MON_01869.jpg,MON
image_60,/lustre/groups/shared/histology_data/BM_cytomorphology_data/train/EBO/EBO_10654.jpg,EBO
image_61,/lustre/groups/shared/histology_data/BM_cytomorphology_data/train/EOS/EOS_03219.jpg,EOS
image_62,/lustre/groups/shared/histology_data/BM_cytomorphology_data/train/BAS/BAS_00437.jpg,BAS
image_63,/lustre/groups/shared/histology_data/BM_cytomorphology_data/train/PEB/PEB_02108.jpg,PEB
image_64,/lustre/groups/shared/histology_data/BM_cytomorphology_data/train/PMO/PMO_11877.jpg,PMO
image_65,/lustre/groups/shared/histology_data/BM_cytomorphology_data/train/NGB/NGB_06923.jpg,NGB
image_66,/lustre/groups/shared/histology_data/BM_cytomorphology_data/train/NGB/NGB_03631.jpg,NGB
image_67,/lustre/groups/shared/histology_data/BM_cytomorphology_data/train/MON/MON_02349.jpg,MON
image_68,/lustre/groups/shared/histology_data/BM_cytomorphology_data/train/PEB/PEB_02325.jpg,PEB
image_69,/lustre/groups/shared/histology_data/BM_cytomorphology_data/train/ART/ART_14252.jpg,ART
image_70,/lustre/groups/shared/histology_data/BM_cytomorphology_data/train/EBO/EBO_21095.jpg,EBO
image_71,/lustre/groups/shared/histology_data/BM_cytomorphology_data/train/EBO/EBO_02206.jpg,EBO
image_72,/lustre/groups/shared/histology_data/BM_cytomorphology_data/train/BAS/BAS_00131.jpg,BAS
image_73,/lustre/groups/shared/histology_data/BM_cytomorphology_data/train/PMO/PMO_10644.jpg,PMO
image_74,/lustre/groups/shared/histology_data/BM_cytomorphology_data/train/MON/MON_00518.jpg,MON
image_75,/lustre/groups/shared/histology_data/BM_cytomorphology_data/train/NGB/NGB_06843.jpg,NGB
image_76,/lustre/groups/shared/histology_data/BM_cytomorphology_data/train/MMZ/MMZ_02643.jpg,MMZ
image_77,/lustre/groups/shared/histology_data/BM_cytomorphology_data/train/NGS/NGS_11147.jpg,NGS
image_78,/lustre/groups/shared/histology_data/BM_cytomorphology_data/train/NIF/NIF_00130.jpg,NIF
image_79,/lustre/groups/shared/histology_data/BM_cytomorphology_data/train/NGB/NGB_04155.jpg,NGB
image_80,/lustre/groups/shared/histology_data/BM_cytomorphology_data/train/NGS/NGS_06633.jpg,NGS
image_81,/lustre/groups/shared/histology_data/BM_cytomorphology_data/train/NGB/NGB_09151.jpg,NGB
image_82,/lustre/groups/shared/histology_data/BM_cytomorphology_data/train/NIF/NIF_02038.jpg,NIF
image_83,/lustre/groups/shared/histology_data/BM_cytomorphology_data/train/PMO/PMO_10130.jpg,PMO
image_84,/lustre/groups/shared/histology_data/BM_cytomorphology_data/train/PMO/PMO_08552.jpg,PMO
image_85,/lustre/groups/shared/histology_data/BM_cytomorphology_data/train/NIF/NIF_00641.jpg,NIF
image_86,/lustre/groups/shared/histology_data/BM_cytomorphology_data/train/PLM/PLM_03506.jpg,PLM
image_87,/lustre/groups/shared/histology_data/BM_cytomorphology_data/train/HAC/HAC_00122.jpg,HAC
image_88,/lustre/groups/shared/histology_data/BM_cytomorphology_data/train/PEB/PEB_00629.jpg,PEB
image_89,/lustre/groups/shared/histology_data/BM_cytomorphology_data/train/MMZ/MMZ_02183.jpg,MMZ
image_90,/lustre/groups/shared/histology_data/BM_cytomorphology_data/train/OTH/OTH_00073.jpg,OTH
image_91,/lustre/groups/shared/histology_data/BM_cytomorphology_data/train/EBO/EBO_16226.jpg,EBO
image_92,/lustre/groups/shared/histology_data/BM_cytomorphology_data/train/MMZ/MMZ_00986.jpg,MMZ
image_93,/lustre/groups/shared/histology_data/BM_cytomorphology_data/train/ART/ART_16949.jpg,ART
image_94,/lustre/groups/shared/histology_data/BM_cytomorphology_data/train/EBO/EBO_01706.jpg,EBO
image_95,/lustre/groups/shared/histology_data/BM_cytomorphology_data/train/ART/ART_06967.jpg,ART
image_96,/lustre/groups/shared/histology_data/BM_cytomorphology_data/train/NGS/NGS_01755.jpg,NGS
image_97,/lustre/groups/shared/histology_data/BM_cytomorphology_data/train/BLA/BLA_08166.jpg,BLA
image_98,/lustre/groups/shared/histology_data/BM_cytomorphology_data/train/LYT/LYT_10917.jpg,LYT
image_99,/lustre/groups/shared/histology_data/BM_cytomorphology_data/train/OTH/OTH_00022.jpg,OTH
image_100,/lustre/groups/shared/histology_data/BM_cytomorphology_data/train/OTH/OTH_00241.jpg,OTH
image_101,/lustre/groups/shared/histology_data/BM_cytomorphology_data/train/PMO/PMO_11126.jpg,PMO
image_102,/lustre/groups/shared/histology_data/BM_cytomorphology_data/train/MON/MON_01248.jpg,MON
image_103,/lustre/groups/shared/histology_data/BM_cytomorphology_data/train/EOS/EOS_05359.jpg,EOS
image_104,/lustre/groups/shared/histology_data/BM_cytomorphology_data/train/NGB/NGB_09649.jpg,NGB
image_105,/lustre/groups/shared/histology_data/BM_cytomorphology_data/train/BAS/BAS_00221.jpg,BAS
image_106,/lustre/groups/shared/histology_data/BM_cytomorphology_data/train/HAC/HAC_00043.jpg,HAC
image_107,/lustre/groups/shared/histology_data/BM_cytomorphology_data/train/BAS/BAS_00115.jpg,BAS
image_108,/lustre/groups/shared/histology_data/BM_cytomorphology_data/train/NGB/NGB_04475.jpg,NGB
image_109,/lustre/groups/shared/histology_data/BM_cytomorphology_data/train/NGB/NGB_01742.jpg,NGB
image_110,/lustre/groups/shared/histology_data/BM_cytomorphology_data/train/MON/MON_03564.jpg,MON
image_111,/lustre/groups/shared/histology_data/BM_cytomorphology_data/train/PEB/PEB_02086.jpg,PEB
image_112,/lustre/groups/shared/histology_data/BM_cytomorphology_data/train/BLA/BLA_09868.jpg,BLA
image_113,/lustre/groups/shared/histology_data/BM_cytomorphology_data/train/ART/ART_13126.jpg,ART
image_114,/lustre/groups/shared/histology_data/BM_cytomorphology_data/train/MYB/MYB_02160.jpg,MYB
image_115,/lustre/groups/shared/histology_data/BM_cytomorphology_data/train/PMO/PMO_10005.jpg,PMO
image_116,/lustre/groups/shared/histology_data/BM_cytomorphology_data/train/NGS/NGS_09513.jpg,NGS
image_117,/lustre/groups/shared/histology_data/BM_cytomorphology_data/train/ART/ART_10544.jpg,ART
image_118,/lustre/groups/shared/histology_data/BM_cytomorphology_data/train/EOS/EOS_05625.jpg,EOS
image_119,/lustre/groups/shared/histology_data/BM_cytomorphology_data/train/HAC/HAC_00278.jpg,HAC
image_120,/lustre/groups/shared/histology_data/BM_cytomorphology_data/train/PMO/PMO_01502.jpg,PMO
image_121,/lustre/groups/shared/histology_data/BM_cytomorphology_data/train/PLM/PLM_04480.jpg,PLM
image_122,/lustre/groups/shared/histology_data/BM_cytomorphology_data/train/PLM/PLM_05897.jpg,PLM
image_123,/lustre/groups/shared/histology_data/BM_cytomorphology_data/train/NIF/NIF_01567.jpg,NIF
image_124,/lustre/groups/shared/histology_data/BM_cytomorphology_data/train/ART/ART_16560.jpg,ART
image_125,/lustre/groups/shared/histology_data/BM_cytomorphology_data/train/PLM/PLM_00238.jpg,PLM
image_126,/lustre/groups/shared/histology_data/BM_cytomorphology_data/train/BAS/BAS_00116.jpg,BAS
image_127,/lustre/groups/shared/histology_data/BM_cytomorphology_data/train/OTH/OTH_00106.jpg,OTH
image_128,/lustre/groups/shared/histology_data/BM_cytomorphology_data/train/NGB/NGB_02348.jpg,NGB
image_129,/lustre/groups/shared/histology_data/BM_cytomorphology_data/train/BLA/BLA_00296.jpg,BLA
image_130,/lustre/groups/shared/histology_data/BM_cytomorphology_data/train/EOS/EOS_00326.jpg,EOS
image_131,/lustre/groups/shared/histology_data/BM_cytomorphology_data/train/BAS/BAS_00252.jpg,BAS
image_132,/lustre/groups/shared/histology_data/BM_cytomorphology_data/train/NGB/NGB_06790.jpg,NGB
image_133,/lustre/groups/shared/histology_data/BM_cytomorphology_data/train/MMZ/MMZ_01729.jpg,MMZ
image_134,/lustre/groups/shared/histology_data/BM_cytomorphology_data/train/NGS/NGS_24018.jpg,NGS
image_135,/lustre/groups/shared/histology_data/BM_cytomorphology_data/train/HAC/HAC_00160.jpg,HAC
image_136,/lustre/groups/shared/histology_data/BM_cytomorphology_data/train/NGS/NGS_27063.jpg,NGS
image_137,/lustre/groups/shared/histology_data/BM_cytomorphology_data/train/NGS/NGS_02591.jpg,NGS
image_138,/lustre/groups/shared/histology_data/BM_cytomorphology_data/train/NGB/NGB_05499.jpg,NGB
image_139,/lustre/groups/shared/histology_data/BM_cytomorphology_data/train/OTH/OTH_00262.jpg,OTH
image_140,/lustre/groups/shared/histology_data/BM_cytomorphology_data/train/NGS/NGS_21021.jpg,NGS
image_141,/lustre/groups/shared/histology_data/BM_cytomorphology_data/train/EOS/EOS_05259.jpg,EOS
image_142,/lustre/groups/shared/histology_data/BM_cytomorphology_data/train/EOS/EOS_00835.jpg,EOS
image_143,/lustre/groups/shared/histology_data/BM_cytomorphology_data/train/EBO/EBO_22493.jpg,EBO
image_144,/lustre/groups/shared/histology_data/BM_cytomorphology_data/train/EOS/EOS_01503.jpg,EOS
image_145,/lustre/groups/shared/histology_data/BM_cytomorphology_data/train/ART/ART_01528.jpg,ART
image_146,/lustre/groups/shared/histology_data/BM_cytomorphology_data/train/OTH/OTH_00031.jpg,OTH
image_147,/lustre/groups/shared/histology_data/BM_cytomorphology_data/train/MON/MON_02056.jpg,MON
image_148,/lustre/groups/shared/histology_data/BM_cytomorphology_data/train/MON/MON_00185.jpg,MON
image_149,/lustre/groups/shared/histology_data/BM_cytomorphology_data/train/NIF/NIF_03151.jpg,NIF
image_150,/lustre/groups/shared/histology_data/BM_cytomorphology_data/train/NIF/NIF_01983.jpg,NIF
image_151,/lustre/groups/shared/histology_data/BM_cytomorphology_data/train/NGB/NGB_03455.jpg,NGB
image_152,/lustre/groups/shared/histology_data/BM_cytomorphology_data/train/PLM/PLM_00798.jpg,PLM
image_153,/lustre/groups/shared/histology_data/BM_cytomorphology_data/train/EOS/EOS_00036.jpg,EOS
image_154,/lustre/groups/shared/histology_data/BM_cytomorphology_data/train/PEB/PEB_01008.jpg,PEB
image_155,/lustre/groups/shared/histology_data/BM_cytomorphology_data/train/PEB/PEB_01023.jpg,PEB
image_156,/lustre/groups/shared/histology_data/BM_cytomorphology_data/train/NGS/NGS_07438.jpg,NGS
image_157,/lustre/groups/shared/histology_data/BM_cytomorphology_data/train/EOS/EOS_00660.jpg,EOS
image_158,/lustre/groups/shared/histology_data/BM_cytomorphology_data/train/PEB/PEB_01931.jpg,PEB
image_159,/lustre/groups/shared/histology_data/BM_cytomorphology_data/train/MON/MON_02791.jpg,MON
image_160,/lustre/groups/shared/histology_data/BM_cytomorphology_data/train/BLA/BLA_11753.jpg,BLA
image_161,/lustre/groups/shared/histology_data/BM_cytomorphology_data/train/MON/MON_02646.jpg,MON
image_162,/lustre/groups/shared/histology_data/BM_cytomorphology_data/train/HAC/HAC_00176.jpg,HAC
image_163,/lustre/groups/shared/histology_data/BM_cytomorphology_data/train/ART/ART_08879.jpg,ART
image_164,/lustre/groups/shared/histology_data/BM_cytomorphology_data/train/BAS/BAS_00230.jpg,BAS
image_165,/lustre/groups/shared/histology_data/BM_cytomorphology_data/train/NIF/NIF_02701.jpg,NIF
image_166,/lustre/groups/shared/histology_data/BM_cytomorphology_data/train/BAS/BAS_00103.jpg,BAS
image_167,/lustre/groups/shared/histology_data/BM_cytomorphology_data/train/ART/ART_01777.jpg,ART
image_168,/lustre/groups/shared/histology_data/BM_cytomorphology_data/train/OTH/OTH_00253.jpg,OTH
image_169,/lustre/groups/shared/histology_data/BM_cytomorphology_data/train/ART/ART_00132.jpg,ART
image_170,/lustre/groups/shared/histology_data/BM_cytomorphology_data/train/MYB/MYB_05974.jpg,MYB
image_171,/lustre/groups/shared/histology_data/BM_cytomorphology_data/train/LYT/LYT_09221.jpg,LYT
image_172,/lustre/groups/shared/histology_data/BM_cytomorphology_data/train/EBO/EBO_05189.jpg,EBO
image_173,/lustre/groups/shared/histology_data/BM_cytomorphology_data/train/LYT/LYT_20747.jpg,LYT
image_174,/lustre/groups/shared/histology_data/BM_cytomorphology_data/train/PEB/PEB_00419.jpg,PEB
image_175,/lustre/groups/shared/histology_data/BM_cytomorphology_data/train/BLA/BLA_09404.jpg,BLA
image_176,/lustre/groups/shared/histology_data/BM_cytomorphology_data/train/BLA/BLA_07856.jpg,BLA
image_177,/lustre/groups/shared/histology_data/BM_cytomorphology_data/train/OTH/OTH_00288.jpg,OTH
image_178,/lustre/groups/shared/histology_data/BM_cytomorphology_data/train/MYB/MYB_04422.jpg,MYB
image_179,/lustre/groups/shared/histology_data/BM_cytomorphology_data/train/HAC/HAC_00082.jpg,HAC
image_180,/lustre/groups/shared/histology_data/BM_cytomorphology_data/train/HAC/HAC_00097.jpg,HAC
image_181,/lustre/groups/shared/histology_data/BM_cytomorphology_data/train/BLA/BLA_01456.jpg,BLA
image_182,/lustre/groups/shared/histology_data/BM_cytomorphology_data/train/LYT/LYT_19457.jpg,LYT
image_183,/lustre/groups/shared/histology_data/BM_cytomorphology_data/train/HAC/HAC_00205.jpg,HAC
image_184,/lustre/groups/shared/histology_data/BM_cytomorphology_data/train/LYT/LYT_15323.jpg,LYT
image_185,/lustre/groups/shared/histology_data/BM_cytomorphology_data/train/PEB/PEB_02147.jpg,PEB
image_186,/lustre/groups/shared/histology_data/BM_cytomorphology_data/train/NIF/NIF_03284.jpg,NIF
image_187,/lustre/groups/shared/histology_data/BM_cytomorphology_data/train/LYI/LYI_00035.jpg,LYI
image_188,/lustre/groups/shared/histology_data/BM_cytomorphology_data/train/MMZ/MMZ_00135.jpg,MMZ
image_189,/lustre/groups/shared/histology_data/BM_cytomorphology_data/train/HAC/HAC_00260.jpg,HAC
image_190,/lustre/groups/shared/histology_data/BM_cytomorphology_data/train/HAC/HAC_00063.jpg,HAC
image_191,/lustre/groups/shared/histology_data/BM_cytomorphology_data/train/EOS/EOS_03512.jpg,EOS
image_192,/lustre/groups/shared/histology_data/BM_cytomorphology_data/train/PLM/PLM_04693.jpg,PLM
image_193,/lustre/groups/shared/histology_data/BM_cytomorphology_data/train/NGB/NGB_05495.jpg,NGB
image_194,/lustre/groups/shared/histology_data/BM_cytomorphology_data/train/EBO/EBO_16645.jpg,EBO
image_195,/lustre/groups/shared/histology_data/BM_cytomorphology_data/train/EOS/EOS_04778.jpg,EOS
image_196,/lustre/groups/shared/histology_data/BM_cytomorphology_data/train/BAS/BAS_00071.jpg,BAS
image_197,/lustre/groups/shared/histology_data/BM_cytomorphology_data/train/LYT/LYT_14771.jpg,LYT
image_198,/lustre/groups/shared/histology_data/BM_cytomorphology_data/train/EOS/EOS_03666.jpg,EOS
image_199,/lustre/groups/shared/histology_data/BM_cytomorphology_data/train/EOS/EOS_03656.jpg,EOS
image_200,/lustre/groups/shared/histology_data/BM_cytomorphology_data/train/PMO/PMO_04420.jpg,PMO
image_201,/lustre/groups/shared/histology_data/BM_cytomorphology_data/train/NIF/NIF_03054.jpg,NIF
image_202,/lustre/groups/shared/histology_data/BM_cytomorphology_data/train/EBO/EBO_11481.jpg,EBO
image_203,/lustre/groups/shared/histology_data/BM_cytomorphology_data/train/BLA/BLA_02797.jpg,BLA
image_204,/lustre/groups/shared/histology_data/BM_cytomorphology_data/train/ART/ART_04379.jpg,ART
image_205,/lustre/groups/shared/histology_data/BM_cytomorphology_data/train/PEB/PEB_02044.jpg,PEB
image_206,/lustre/groups/shared/histology_data/BM_cytomorphology_data/train/NGB/NGB_00906.jpg,NGB
image_207,/lustre/groups/shared/histology_data/BM_cytomorphology_data/train/PEB/PEB_00712.jpg,PEB
image_208,/lustre/groups/shared/histology_data/BM_cytomorphology_data/train/MON/MON_02685.jpg,MON
image_209,/lustre/groups/shared/histology_data/BM_cytomorphology_data/train/PEB/PEB_00119.jpg,PEB
image_210,/lustre/groups/shared/histology_data/BM_cytomorphology_data/train/MON/MON_00411.jpg,MON
image_211,/lustre/groups/shared/histology_data/BM_cytomorphology_data/train/BLA/BLA_10899.jpg,BLA
image_212,/lustre/groups/shared/histology_data/BM_cytomorphology_data/train/BAS/BAS_00195.jpg,BAS
image_213,/lustre/groups/shared/histology_data/BM_cytomorphology_data/train/MMZ/MMZ_02478.jpg,MMZ
image_214,/lustre/groups/shared/histology_data/BM_cytomorphology_data/train/MMZ/MMZ_00468.jpg,MMZ
image_215,/lustre/groups/shared/histology_data/BM_cytomorphology_data/train/NIF/NIF_01800.jpg,NIF
image_216,/lustre/groups/shared/histology_data/BM_cytomorphology_data/train/NIF/NIF_02270.jpg,NIF
image_217,/lustre/groups/shared/histology_data/BM_cytomorphology_data/train/BLA/BLA_11396.jpg,BLA
image_218,/lustre/groups/shared/histology_data/BM_cytomorphology_data/train/NGB/NGB_05266.jpg,NGB
image_219,/lustre/groups/shared/histology_data/BM_cytomorphology_data/train/MYB/MYB_03368.jpg,MYB
image_220,/lustre/groups/shared/histology_data/BM_cytomorphology_data/train/PLM/PLM_01686.jpg,PLM
image_221,/lustre/groups/shared/histology_data/BM_cytomorphology_data/train/PLM/PLM_05063.jpg,PLM
image_222,/lustre/groups/shared/histology_data/BM_cytomorphology_data/train/MMZ/MMZ_00612.jpg,MMZ
image_223,/lustre/groups/shared/histology_data/BM_cytomorphology_data/train/BLA/BLA_06822.jpg,BLA
image_224,/lustre/groups/shared/histology_data/BM_cytomorphology_data/train/BLA/BLA_03350.jpg,BLA
image_225,/lustre/groups/shared/histology_data/BM_cytomorphology_data/train/MMZ/MMZ_01678.jpg,MMZ
image_226,/lustre/groups/shared/histology_data/BM_cytomorphology_data/train/HAC/HAC_00074.jpg,HAC
image_227,/lustre/groups/shared/histology_data/BM_cytomorphology_data/train/LYT/LYT_02720.jpg,LYT
image_228,/lustre/groups/shared/histology_data/BM_cytomorphology_data/train/PLM/PLM_01960.jpg,PLM
image_229,/lustre/groups/shared/histology_data/BM_cytomorphology_data/train/LYT/LYT_25939.jpg,LYT
image_230,/lustre/groups/shared/histology_data/BM_cytomorphology_data/train/PLM/PLM_02975.jpg,PLM
image_231,/lustre/groups/shared/histology_data/BM_cytomorphology_data/train/NIF/NIF_02115.jpg,NIF
image_232,/lustre/groups/shared/histology_data/BM_cytomorphology_data/train/LYT/LYT_04658.jpg,LYT
image_233,/lustre/groups/shared/histology_data/BM_cytomorphology_data/train/NGB/NGB_02908.jpg,NGB
image_234,/lustre/groups/shared/histology_data/BM_cytomorphology_data/train/LYT/LYT_10887.jpg,LYT
image_235,/lustre/groups/shared/histology_data/BM_cytomorphology_data/train/MYB/MYB_05938.jpg,MYB
image_236,/lustre/groups/shared/histology_data/BM_cytomorphology_data/train/HAC/HAC_00130.jpg,HAC
image_237,/lustre/groups/shared/histology_data/BM_cytomorphology_data/train/LYI/LYI_00059.jpg,LYI
image_238,/lustre/groups/shared/histology_data/BM_cytomorphology_data/train/MON/MON_02921.jpg,MON
image_239,/lustre/groups/shared/histology_data/BM_cytomorphology_data/train/MYB/MYB_06288.jpg,MYB
image_240,/lustre/groups/shared/histology_data/BM_cytomorphology_data/train/NGB/NGB_04283.jpg,NGB
image_241,/lustre/groups/shared/histology_data/BM_cytomorphology_data/train/NIF/NIF_00952.jpg,NIF
image_242,/lustre/groups/shared/histology_data/BM_cytomorphology_data/train/EBO/EBO_12031.jpg,EBO
image_243,/lustre/groups/shared/histology_data/BM_cytomorphology_data/train/OTH/OTH_00283.jpg,OTH
image_244,/lustre/groups/shared/histology_data/BM_cytomorphology_data/train/MMZ/MMZ_00475.jpg,MMZ
image_245,/lustre/groups/shared/histology_data/BM_cytomorphology_data/train/NGB/NGB_03214.jpg,NGB
image_246,/lustre/groups/shared/histology_data/BM_cytomorphology_data/train/BLA/BLA_03523.jpg,BLA
image_247,/lustre/groups/shared/histology_data/BM_cytomorphology_data/train/NGS/NGS_23438.jpg,NGS
image_248,/lustre/groups/shared/histology_data/BM_cytomorphology_data/train/EOS/EOS_03445.jpg,EOS
image_249,/lustre/groups/shared/histology_data/BM_cytomorphology_data/train/EOS/EOS_04089.jpg,EOS
image_250,/lustre/groups/shared/histology_data/BM_cytomorphology_data/train/MON/MON_01195.jpg,MON
image_251,/lustre/groups/shared/histology_data/BM_cytomorphology_data/train/BAS/BAS_00032.jpg,BAS
image_252,/lustre/groups/shared/histology_data/BM_cytomorphology_data/train/EBO/EBO_13345.jpg,EBO
image_253,/lustre/groups/shared/histology_data/BM_cytomorphology_data/train/NGB/NGB_01089.jpg,NGB
image_254,/lustre/groups/shared/histology_data/BM_cytomorphology_data/train/MYB/MYB_00937.jpg,MYB
image_255,/lustre/groups/shared/histology_data/BM_cytomorphology_data/train/MYB/MYB_02129.jpg,MYB
image_256,/lustre/groups/shared/histology_data/BM_cytomorphology_data/train/OTH/OTH_00012.jpg,OTH
image_257,/lustre/groups/shared/histology_data/BM_cytomorphology_data/train/PMO/PMO_10360.jpg,PMO
image_258,/lustre/groups/shared/histology_data/BM_cytomorphology_data/train/MYB/MYB_04746.jpg,MYB
image_259,/lustre/groups/shared/histology_data/BM_cytomorphology_data/train/BLA/BLA_10545.jpg,BLA
image_260,/lustre/groups/shared/histology_data/BM_cytomorphology_data/train/HAC/HAC_00357.jpg,HAC
image_261,/lustre/groups/shared/histology_data/BM_cytomorphology_data/train/EOS/EOS_03917.jpg,EOS
image_262,/lustre/groups/shared/histology_data/BM_cytomorphology_data/train/EBO/EBO_12283.jpg,EBO
image_263,/lustre/groups/shared/histology_data/BM_cytomorphology_data/train/MYB/MYB_01215.jpg,MYB
image_264,/lustre/groups/shared/histology_data/BM_cytomorphology_data/train/OTH/OTH_00128.jpg,OTH
image_265,/lustre/groups/shared/histology_data/BM_cytomorphology_data/train/NGS/NGS_16589.jpg,NGS
image_266,/lustre/groups/shared/histology_data/BM_cytomorphology_data/train/NIF/NIF_01251.jpg,NIF
image_267,/lustre/groups/shared/histology_data/BM_cytomorphology_data/train/NGB/NGB_05041.jpg,NGB
image_268,/lustre/groups/shared/histology_data/BM_cytomorphology_data/train/MMZ/MMZ_00480.jpg,MMZ
image_269,/lustre/groups/shared/histology_data/BM_cytomorphology_data/train/PLM/PLM_00550.jpg,PLM
image_270,/lustre/groups/shared/histology_data/BM_cytomorphology_data/train/MON/MON_03055.jpg,MON
image_271,/lustre/groups/shared/histology_data/BM_cytomorphology_data/train/EBO/EBO_05279.jpg,EBO
image_272,/lustre/groups/shared/histology_data/BM_cytomorphology_data/train/BAS/BAS_00324.jpg,BAS
image_273,/lustre/groups/shared/histology_data/BM_cytomorphology_data/train/BAS/BAS_00125.jpg,BAS
image_274,/lustre/groups/shared/histology_data/BM_cytomorphology_data/train/EOS/EOS_04106.jpg,EOS
image_275,/lustre/groups/shared/histology_data/BM_cytomorphology_data/train/EOS/EOS_01394.jpg,EOS
image_276,/lustre/groups/shared/histology_data/BM_cytomorphology_data/train/EBO/EBO_17897.jpg,EBO
image_277,/lustre/groups/shared/histology_data/BM_cytomorphology_data/train/BLA/BLA_06747.jpg,BLA
image_278,/lustre/groups/shared/histology_data/BM_cytomorphology_data/train/PLM/PLM_03389.jpg,PLM
image_279,/lustre/groups/shared/histology_data/BM_cytomorphology_data/train/NGS/NGS_00593.jpg,NGS
image_280,/lustre/groups/shared/histology_data/BM_cytomorphology_data/train/OTH/OTH_00063.jpg,OTH
image_281,/lustre/groups/shared/histology_data/BM_cytomorphology_data/train/PEB/PEB_00807.jpg,PEB
image_282,/lustre/groups/shared/histology_data/BM_cytomorphology_data/train/EBO/EBO_24394.jpg,EBO
image_283,/lustre/groups/shared/histology_data/BM_cytomorphology_data/train/LYT/LYT_08356.jpg,LYT
image_284,/lustre/groups/shared/histology_data/BM_cytomorphology_data/train/NGB/NGB_08910.jpg,NGB
image_285,/lustre/groups/shared/histology_data/BM_cytomorphology_data/train/ART/ART_09942.jpg,ART
image_286,/lustre/groups/shared/histology_data/BM_cytomorphology_data/train/NIF/NIF_03266.jpg,NIF
image_287,/lustre/groups/shared/histology_data/BM_cytomorphology_data/train/NGS/NGS_28495.jpg,NGS
image_288,/lustre/groups/shared/histology_data/BM_cytomorphology_data/train/OTH/OTH_00029.jpg,OTH
image_289,/lustre/groups/shared/histology_data/BM_cytomorphology_data/train/MON/MON_01661.jpg,MON
image_290,/lustre/groups/shared/histology_data/BM_cytomorphology_data/train/EOS/EOS_00795.jpg,EOS
image_291,/lustre/groups/shared/histology_data/BM_cytomorphology_data/train/HAC/HAC_00202.jpg,HAC
image_292,/lustre/groups/shared/histology_data/BM_cytomorphology_data/train/NGB/NGB_08976.jpg,NGB
image_293,/lustre/groups/shared/histology_data/BM_cytomorphology_data/train/PMO/PMO_06935.jpg,PMO
image_294,/lustre/groups/shared/histology_data/BM_cytomorphology_data/train/LYT/LYT_05586.jpg,LYT
image_295,/lustre/groups/shared/histology_data/BM_cytomorphology_data/train/PEB/PEB_00703.jpg,PEB
image_296,/lustre/groups/shared/histology_data/BM_cytomorphology_data/train/ART/ART_01946.jpg,ART
image_297,/lustre/groups/shared/histology_data/BM_cytomorphology_data/train/LYT/LYT_00495.jpg,LYT
image_298,/lustre/groups/shared/histology_data/BM_cytomorphology_data/train/MMZ/MMZ_01677.jpg,MMZ
image_299,/lustre/groups/shared/histology_data/BM_cytomorphology_data/train/PMO/PMO_10703.jpg,PMO
image_300,/lustre/groups/shared/histology_data/BM_cytomorphology_data/train/HAC/HAC_00106.jpg,HAC
image_301,/lustre/groups/shared/histology_data/BM_cytomorphology_data/train/OTH/OTH_00131.jpg,OTH
image_302,/lustre/groups/shared/histology_data/BM_cytomorphology_data/train/PLM/PLM_00609.jpg,PLM
image_303,/lustre/groups/shared/histology_data/BM_cytomorphology_data/train/NGS/NGS_19048.jpg,NGS
image_304,/lustre/groups/shared/histology_data/BM_cytomorphology_data/train/NGB/NGB_03477.jpg,NGB
image_305,/lustre/groups/shared/histology_data/BM_cytomorphology_data/train/NGB/NGB_03616.jpg,NGB
image_306,/lustre/groups/shared/histology_data/BM_cytomorphology_data/train/ART/ART_11376.jpg,ART
image_307,/lustre/groups/shared/histology_data/BM_cytomorphology_data/train/ART/ART_09356.jpg,ART
image_308,/lustre/groups/shared/histology_data/BM_cytomorphology_data/train/NIF/NIF_01622.jpg,NIF
image_309,/lustre/groups/shared/histology_data/BM_cytomorphology_data/train/BLA/BLA_04647.jpg,BLA
image_310,/lustre/groups/shared/histology_data/BM_cytomorphology_data/train/HAC/HAC_00363.jpg,HAC
image_311,/lustre/groups/shared/histology_data/BM_cytomorphology_data/train/MYB/MYB_01357.jpg,MYB
image_312,/lustre/groups/shared/histology_data/BM_cytomorphology_data/train/HAC/HAC_00200.jpg,HAC
image_313,/lustre/groups/shared/histology_data/BM_cytomorphology_data/train/PEB/PEB_00691.jpg,PEB
image_314,/lustre/groups/shared/histology_data/BM_cytomorphology_data/train/BAS/BAS_00353.jpg,BAS
image_315,/lustre/groups/shared/histology_data/BM_cytomorphology_data/train/HAC/HAC_00047.jpg,HAC
image_316,/lustre/groups/shared/histology_data/BM_cytomorphology_data/train/PLM/PLM_02852.jpg,PLM
image_317,/lustre/groups/shared/histology_data/BM_cytomorphology_data/train/EOS/EOS_05668.jpg,EOS
image_318,/lustre/groups/shared/histology_data/BM_cytomorphology_data/train/HAC/HAC_00034.jpg,HAC
image_319,/lustre/groups/shared/histology_data/BM_cytomorphology_data/train/HAC/HAC_00293.jpg,HAC
image_320,/lustre/groups/shared/histology_data/BM_cytomorphology_data/train/PEB/PEB_01089.jpg,PEB
image_321,/lustre/groups/shared/histology_data/BM_cytomorphology_data/train/MYB/MYB_06098.jpg,MYB
image_322,/lustre/groups/shared/histology_data/BM_cytomorphology_data/train/MMZ/MMZ_00772.jpg,MMZ
image_323,/lustre/groups/shared/histology_data/BM_cytomorphology_data/train/PMO/PMO_02967.jpg,PMO
image_324,/lustre/groups/shared/histology_data/BM_cytomorphology_data/train/MYB/MYB_06095.jpg,MYB
image_325,/lustre/groups/shared/histology_data/BM_cytomorphology_data/train/BAS/BAS_00015.jpg,BAS
image_326,/lustre/groups/shared/histology_data/BM_cytomorphology_data/train/PMO/PMO_09585.jpg,PMO
image_327,/lustre/groups/shared/histology_data/BM_cytomorphology_data/train/LYT/LYT_14952.jpg,LYT
image_328,/lustre/groups/shared/histology_data/BM_cytomorphology_data/train/NGB/NGB_02885.jpg,NGB
image_329,/lustre/groups/shared/histology_data/BM_cytomorphology_data/train/EBO/EBO_15992.jpg,EBO
image_330,/lustre/groups/shared/histology_data/BM_cytomorphology_data/train/HAC/HAC_00029.jpg,HAC
image_331,/lustre/groups/shared/histology_data/BM_cytomorphology_data/train/HAC/HAC_00373.jpg,HAC
image_332,/lustre/groups/shared/histology_data/BM_cytomorphology_data/train/EBO/EBO_20370.jpg,EBO
image_333,/lustre/groups/shared/histology_data/BM_cytomorphology_data/train/EBO/EBO_24232.jpg,EBO
image_334,/lustre/groups/shared/histology_data/BM_cytomorphology_data/train/MMZ/MMZ_03002.jpg,MMZ
image_335,/lustre/groups/shared/histology_data/BM_cytomorphology_data/train/NGB/NGB_07922.jpg,NGB
image_336,/lustre/groups/shared/histology_data/BM_cytomorphology_data/train/PLM/PLM_05950.jpg,PLM
image_337,/lustre/groups/shared/histology_data/BM_cytomorphology_data/train/NGB/NGB_00307.jpg,NGB
image_338,/lustre/groups/shared/histology_data/BM_cytomorphology_data/train/NIF/NIF_00934.jpg,NIF
image_339,/lustre/groups/shared/histology_data/BM_cytomorphology_data/train/PEB/PEB_02345.jpg,PEB
image_340,/lustre/groups/shared/histology_data/BM_cytomorphology_data/train/NGS/NGS_23853.jpg,NGS
image_341,/lustre/groups/shared/histology_data/BM_cytomorphology_data/train/LYT/LYT_16719.jpg,LYT
image_342,/lustre/groups/shared/histology_data/BM_cytomorphology_data/train/PMO/PMO_04791.jpg,PMO
image_343,/lustre/groups/shared/histology_data/BM_cytomorphology_data/train/PEB/PEB_00375.jpg,PEB
image_344,/lustre/groups/shared/histology_data/BM_cytomorphology_data/train/NGB/NGB_07867.jpg,NGB
image_345,/lustre/groups/shared/histology_data/BM_cytomorphology_data/train/OTH/OTH_00025.jpg,OTH
image_346,/lustre/groups/shared/histology_data/BM_cytomorphology_data/train/EOS/EOS_02485.jpg,EOS
image_347,/lustre/groups/shared/histology_data/BM_cytomorphology_data/train/OTH/OTH_00126.jpg,OTH
image_348,/lustre/groups/shared/histology_data/BM_cytomorphology_data/train/OTH/OTH_00057.jpg,OTH
image_349,/lustre/groups/shared/histology_data/BM_cytomorphology_data/train/NIF/NIF_01384.jpg,NIF
image_350,/lustre/groups/shared/histology_data/BM_cytomorphology_data/train/MYB/MYB_02851.jpg,MYB
image_351,/lustre/groups/shared/histology_data/BM_cytomorphology_data/train/MON/MON_00700.jpg,MON
image_352,/lustre/groups/shared/histology_data/BM_cytomorphology_data/train/PEB/PEB_00218.jpg,PEB
image_353,/lustre/groups/shared/histology_data/BM_cytomorphology_data/train/PLM/PLM_03640.jpg,PLM
image_354,/lustre/groups/shared/histology_data/BM_cytomorphology_data/train/MON/MON_02161.jpg,MON
image_355,/lustre/groups/shared/histology_data/BM_cytomorphology_data/train/MYB/MYB_04080.jpg,MYB
image_356,/lustre/groups/shared/histology_data/BM_cytomorphology_data/train/NGS/NGS_17103.jpg,NGS
image_357,/lustre/groups/shared/histology_data/BM_cytomorphology_data/train/MMZ/MMZ_00308.jpg,MMZ
image_358,/lustre/groups/shared/histology_data/BM_cytomorphology_data/train/MYB/MYB_03283.jpg,MYB
image_359,/lustre/groups/shared/histology_data/BM_cytomorphology_data/train/MMZ/MMZ_00727.jpg,MMZ
image_360,/lustre/groups/shared/histology_data/BM_cytomorphology_data/train/PMO/PMO_11733.jpg,PMO
image_361,/lustre/groups/shared/histology_data/BM_cytomorphology_data/train/MON/MON_03176.jpg,MON
image_362,/lustre/groups/shared/histology_data/BM_cytomorphology_data/train/ART/ART_14263.jpg,ART
image_363,/lustre/groups/shared/histology_data/BM_cytomorphology_data/train/PLM/PLM_05914.jpg,PLM
image_364,/lustre/groups/shared/histology_data/BM_cytomorphology_data/train/NIF/NIF_02595.jpg,NIF
image_365,/lustre/groups/shared/histology_data/BM_cytomorphology_data/train/PEB/PEB_01651.jpg,PEB
image_366,/lustre/groups/shared/histology_data/BM_cytomorphology_data/train/OTH/OTH_00016.jpg,OTH
image_367,/lustre/groups/shared/histology_data/BM_cytomorphology_data/train/OTH/OTH_00138.jpg,OTH
image_368,/lustre/groups/shared/histology_data/BM_cytomorphology_data/train/EOS/EOS_03425.jpg,EOS
image_369,/lustre/groups/shared/histology_data/BM_cytomorphology_data/train/ART/ART_01106.jpg,ART
image_370,/lustre/groups/shared/histology_data/BM_cytomorphology_data/train/BLA/BLA_08585.jpg,BLA
image_371,/lustre/groups/shared/histology_data/BM_cytomorphology_data/train/MMZ/MMZ_03043.jpg,MMZ
image_372,/lustre/groups/shared/histology_data/BM_cytomorphology_data/train/EOS/EOS_04600.jpg,EOS
image_373,/lustre/groups/shared/histology_data/BM_cytomorphology_data/train/BAS/BAS_00421.jpg,BAS
image_374,/lustre/groups/shared/histology_data/BM_cytomorphology_data/train/NGS/NGS_07096.jpg,NGS
image_375,/lustre/groups/shared/histology_data/BM_cytomorphology_data/train/BLA/BLA_00133.jpg,BLA
image_376,/lustre/groups/shared/histology_data/BM_cytomorphology_data/train/MON/MON_02700.jpg,MON
image_377,/lustre/groups/shared/histology_data/BM_cytomorphology_data/train/NIF/NIF_02236.jpg,NIF
image_378,/lustre/groups/shared/histology_data/BM_cytomorphology_data/train/PLM/PLM_01902.jpg,PLM
image_379,/lustre/groups/shared/histology_data/BM_cytomorphology_data/train/OTH/OTH_00234.jpg,OTH
image_380,/lustre/groups/shared/histology_data/BM_cytomorphology_data/train/BAS/BAS_00362.jpg,BAS
image_381,/lustre/groups/shared/histology_data/BM_cytomorphology_data/train/OTH/OTH_00281.jpg,OTH
image_382,/lustre/groups/shared/histology_data/BM_cytomorphology_data/train/EOS/EOS_03946.jpg,EOS
image_383,/lustre/groups/shared/histology_data/BM_cytomorphology_data/train/BAS/BAS_00004.jpg,BAS
image_384,/lustre/groups/shared/histology_data/BM_cytomorphology_data/train/MMZ/MMZ_02331.jpg,MMZ
image_385,/lustre/groups/shared/histology_data/BM_cytomorphology_data/train/MON/MON_00139.jpg,MON
image_386,/lustre/groups/shared/histology_data/BM_cytomorphology_data/train/NGS/NGS_15660.jpg,NGS
image_387,/lustre/groups/shared/histology_data/BM_cytomorphology_data/train/LYT/LYT_02964.jpg,LYT
image_388,/lustre/groups/shared/histology_data/BM_cytomorphology_data/train/NIF/NIF_01892.jpg,NIF
image_389,/lustre/groups/shared/histology_data/BM_cytomorphology_data/train/MON/MON_01546.jpg,MON
image_390,/lustre/groups/shared/histology_data/BM_cytomorphology_data/train/BAS/BAS_00186.jpg,BAS
image_391,/lustre/groups/shared/histology_data/BM_cytomorphology_data/train/BAS/BAS_00143.jpg,BAS
image_392,/lustre/groups/shared/histology_data/BM_cytomorphology_data/train/NGB/NGB_05834.jpg,NGB
image_393,/lustre/groups/shared/histology_data/BM_cytomorphology_data/train/BLA/BLA_05271.jpg,BLA
image_394,/lustre/groups/shared/histology_data/BM_cytomorphology_data/train/BLA/BLA_06152.jpg,BLA
image_395,/lustre/groups/shared/histology_data/BM_cytomorphology_data/train/PMO/PMO_08216.jpg,PMO
image_396,/lustre/groups/shared/histology_data/BM_cytomorphology_data/train/ART/ART_10838.jpg,ART
image_397,/lustre/groups/shared/histology_data/BM_cytomorphology_data/train/MYB/MYB_04378.jpg,MYB
image_398,/lustre/groups/shared/histology_data/BM_cytomorphology_data/train/PMO/PMO_07127.jpg,PMO
image_399,/lustre/groups/shared/histology_data/BM_cytomorphology_data/train/MON/MON_00645.jpg,MON
image_400,/lustre/groups/shared/histology_data/BM_cytomorphology_data/train/MYB/MYB_04202.jpg,MYB
image_401,/lustre/groups/shared/histology_data/BM_cytomorphology_data/train/NGB/NGB_07847.jpg,NGB
image_402,/lustre/groups/shared/histology_data/BM_cytomorphology_data/train/PMO/PMO_05510.jpg,PMO
image_403,/lustre/groups/shared/histology_data/BM_cytomorphology_data/train/PEB/PEB_02408.jpg,PEB
image_404,/lustre/groups/shared/histology_data/BM_cytomorphology_data/train/ART/ART_06550.jpg,ART
image_405,/lustre/groups/shared/histology_data/BM_cytomorphology_data/train/NGB/NGB_09090.jpg,NGB
image_406,/lustre/groups/shared/histology_data/BM_cytomorphology_data/train/PEB/PEB_00269.jpg,PEB
image_407,/lustre/groups/shared/histology_data/BM_cytomorphology_data/train/MYB/MYB_00836.jpg,MYB
image_408,/lustre/groups/shared/histology_data/BM_cytomorphology_data/train/ART/ART_16908.jpg,ART
image_409,/lustre/groups/shared/histology_data/BM_cytomorphology_data/train/PLM/PLM_05768.jpg,PLM
image_410,/lustre/groups/shared/histology_data/BM_cytomorphology_data/train/PEB/PEB_02680.jpg,PEB
image_411,/lustre/groups/shared/histology_data/BM_cytomorphology_data/train/BAS/BAS_00375.jpg,BAS
image_412,/lustre/groups/shared/histology_data/BM_cytomorphology_data/train/NGB/NGB_09189.jpg,NGB
image_413,/lustre/groups/shared/histology_data/BM_cytomorphology_data/train/MON/MON_02989.jpg,MON
image_414,/lustre/groups/shared/histology_data/BM_cytomorphology_data/train/EBO/EBO_15001.jpg,EBO
image_415,/lustre/groups/shared/histology_data/BM_cytomorphology_data/train/EBO/EBO_21486.jpg,EBO
image_416,/lustre/groups/shared/histology_data/BM_cytomorphology_data/train/NGS/NGS_11840.jpg,NGS
image_417,/lustre/groups/shared/histology_data/BM_cytomorphology_data/train/ART/ART_08474.jpg,ART
image_418,/lustre/groups/shared/histology_data/BM_cytomorphology_data/train/BAS/BAS_00255.jpg,BAS
image_419,/lustre/groups/shared/histology_data/BM_cytomorphology_data/train/OTH/OTH_00170.jpg,OTH
image_420,/lustre/groups/shared/histology_data/BM_cytomorphology_data/train/NGS/NGS_24009.jpg,NGS
image_421,/lustre/groups/shared/histology_data/BM_cytomorphology_data/train/BLA/BLA_04763.jpg,BLA
image_422,/lustre/groups/shared/histology_data/BM_cytomorphology_data/train/MON/MON_03378.jpg,MON
image_423,/lustre/groups/shared/histology_data/BM_cytomorphology_data/train/EOS/EOS_03242.jpg,EOS
image_424,/lustre/groups/shared/histology_data/BM_cytomorphology_data/train/PEB/PEB_01246.jpg,PEB
image_425,/lustre/groups/shared/histology_data/BM_cytomorphology_data/train/EBO/EBO_21508.jpg,EBO
image_426,/lustre/groups/shared/histology_data/BM_cytomorphology_data/train/ART/ART_14280.jpg,ART
image_427,/lustre/groups/shared/histology_data/BM_cytomorphology_data/train/NGS/NGS_17510.jpg,NGS
image_428,/lustre/groups/shared/histology_data/BM_cytomorphology_data/train/EBO/EBO_02989.jpg,EBO
image_429,/lustre/groups/shared/histology_data/BM_cytomorphology_data/train/BAS/BAS_00356.jpg,BAS
image_430,/lustre/groups/shared/histology_data/BM_cytomorphology_data/train/MMZ/MMZ_01567.jpg,MMZ
image_431,/lustre/groups/shared/histology_data/BM_cytomorphology_data/train/NGS/NGS_27992.jpg,NGS
image_432,/lustre/groups/shared/histology_data/BM_cytomorphology_data/train/NGS/NGS_25822.jpg,NGS
image_433,/lustre/groups/shared/histology_data/BM_cytomorphology_data/train/ART/ART_15439.jpg,ART
image_434,/lustre/groups/shared/histology_data/BM_cytomorphology_data/train/NIF/NIF_00542.jpg,NIF
image_435,/lustre/groups/shared/histology_data/BM_cytomorphology_data/train/MMZ/MMZ_02601.jpg,MMZ
image_436,/lustre/groups/shared/histology_data/BM_cytomorphology_data/train/EBO/EBO_24786.jpg,EBO
image_437,/lustre/groups/shared/histology_data/BM_cytomorphology_data/train/PLM/PLM_01382.jpg,PLM
image_438,/lustre/groups/shared/histology_data/BM_cytomorphology_data/train/PEB/PEB_01946.jpg,PEB
image_439,/lustre/groups/shared/histology_data/BM_cytomorphology_data/train/LYT/LYT_01842.jpg,LYT
image_440,/lustre/groups/shared/histology_data/BM_cytomorphology_data/train/PLM/PLM_04144.jpg,PLM
image_441,/lustre/groups/shared/histology_data/BM_cytomorphology_data/train/EOS/EOS_04272.jpg,EOS
image_442,/lustre/groups/shared/histology_data/BM_cytomorphology_data/train/ART/ART_08286.jpg,ART
image_443,/lustre/groups/shared/histology_data/BM_cytomorphology_data/train/LYT/LYT_04586.jpg,LYT
image_444,/lustre/groups/shared/histology_data/BM_cytomorphology_data/train/NIF/NIF_01717.jpg,NIF
image_445,/lustre/groups/shared/histology_data/BM_cytomorphology_data/train/BLA/BLA_00399.jpg,BLA
image_446,/lustre/groups/shared/histology_data/BM_cytomorphology_data/train/NIF/NIF_02256.jpg,NIF
image_447,/lustre/groups/shared/histology_data/BM_cytomorphology_data/train/MMZ/MMZ_00100.jpg,MMZ
image_448,/lustre/groups/shared/histology_data/BM_cytomorphology_data/train/OTH/OTH_00161.jpg,OTH
image_449,/lustre/groups/shared/histology_data/BM_cytomorphology_data/train/NIF/NIF_00017.jpg,NIF
image_450,/lustre/groups/shared/histology_data/BM_cytomorphology_data/train/EOS/EOS_03253.jpg,EOS
image_451,/lustre/groups/shared/histology_data/BM_cytomorphology_data/train/PMO/PMO_02631.jpg,PMO
image_452,/lustre/groups/shared/histology_data/BM_cytomorphology_data/train/ART/ART_09330.jpg,ART
image_453,/lustre/groups/shared/histology_data/BM_cytomorphology_data/train/MYB/MYB_02782.jpg,MYB
image_454,/lustre/groups/shared/histology_data/BM_cytomorphology_data/train/NGS/NGS_03871.jpg,NGS
image_455,/lustre/groups/shared/histology_data/BM_cytomorphology_data/train/MON/MON_01514.jpg,MON
image_456,/lustre/groups/shared/histology_data/BM_cytomorphology_data/train/EBO/EBO_02431.jpg,EBO
image_457,/lustre/groups/shared/histology_data/BM_cytomorphology_data/train/NGB/NGB_05168.jpg,NGB
image_458,/lustre/groups/shared/histology_data/BM_cytomorphology_data/train/PLM/PLM_05501.jpg,PLM
image_459,/lustre/groups/shared/histology_data/BM_cytomorphology_data/train/NGS/NGS_16840.jpg,NGS
image_460,/lustre/groups/shared/histology_data/BM_cytomorphology_data/train/EBO/EBO_16194.jpg,EBO
image_461,/lustre/groups/shared/histology_data/BM_cytomorphology_data/train/BLA/BLA_00036.jpg,BLA
image_462,/lustre/groups/shared/histology_data/BM_cytomorphology_data/train/MMZ/MMZ_00186.jpg,MMZ
image_463,/lustre/groups/shared/histology_data/BM_cytomorphology_data/train/LYT/LYT_22224.jpg,LYT
image_464,/lustre/groups/shared/histology_data/BM_cytomorphology_data/train/PLM/PLM_06207.jpg,PLM
image_465,/lustre/groups/shared/histology_data/BM_cytomorphology_data/train/PEB/PEB_00661.jpg,PEB
image_466,/lustre/groups/shared/histology_data/BM_cytomorphology_data/train/MYB/MYB_03190.jpg,MYB
image_467,/lustre/groups/shared/histology_data/BM_cytomorphology_data/train/NIF/NIF_03017.jpg,NIF
image_468,/lustre/groups/shared/histology_data/BM_cytomorphology_data/train/HAC/HAC_00052.jpg,HAC
image_469,/lustre/groups/shared/histology_data/BM_cytomorphology_data/train/NGB/NGB_03881.jpg,NGB
image_470,/lustre/groups/shared/histology_data/BM_cytomorphology_data/train/NGS/NGS_12644.jpg,NGS
image_471,/lustre/groups/shared/histology_data/BM_cytomorphology_data/train/EBO/EBO_15232.jpg,EBO
image_472,/lustre/groups/shared/histology_data/BM_cytomorphology_data/train/EBO/EBO_14648.jpg,EBO
image_473,/lustre/groups/shared/histology_data/BM_cytomorphology_data/train/PMO/PMO_06678.jpg,PMO
image_474,/lustre/groups/shared/histology_data/BM_cytomorphology_data/train/MON/MON_00676.jpg,MON
image_475,/lustre/groups/shared/histology_data/BM_cytomorphology_data/train/MYB/MYB_01601.jpg,MYB
image_476,/lustre/groups/shared/histology_data/BM_cytomorphology_data/train/PMO/PMO_03125.jpg,PMO
image_477,/lustre/groups/shared/histology_data/BM_cytomorphology_data/train/NGB/NGB_07568.jpg,NGB
image_478,/lustre/groups/shared/histology_data/BM_cytomorphology_data/train/NIF/NIF_00452.jpg,NIF
image_479,/lustre/groups/shared/histology_data/BM_cytomorphology_data/train/BLA/BLA_01580.jpg,BLA
image_480,/lustre/groups/shared/histology_data/BM_cytomorphology_data/train/NGS/NGS_13006.jpg,NGS
image_481,/lustre/groups/shared/histology_data/BM_cytomorphology_data/train/PEB/PEB_02264.jpg,PEB
image_482,/lustre/groups/shared/histology_data/BM_cytomorphology_data/train/NIF/NIF_02866.jpg,NIF
image_483,/lustre/groups/shared/histology_data/BM_cytomorphology_data/train/EOS/EOS_00604.jpg,EOS
image_484,/lustre/groups/shared/histology_data/BM_cytomorphology_data/train/LYT/LYT_19316.jpg,LYT
image_485,/lustre/groups/shared/histology_data/BM_cytomorphology_data/train/EBO/EBO_23799.jpg,EBO
image_486,/lustre/groups/shared/histology_data/BM_cytomorphology_data/train/HAC/HAC_00280.jpg,HAC
image_487,/lustre/groups/shared/histology_data/BM_cytomorphology_data/train/EOS/EOS_05341.jpg,EOS
image_488,/lustre/groups/shared/histology_data/BM_cytomorphology_data/train/LYT/LYT_18220.jpg,LYT
image_489,/lustre/groups/shared/histology_data/BM_cytomorphology_data/train/EBO/EBO_13218.jpg,EBO
image_490,/lustre/groups/shared/histology_data/BM_cytomorphology_data/train/EOS/EOS_01429.jpg,EOS
image_491,/lustre/groups/shared/histology_data/BM_cytomorphology_data/train/ART/ART_13071.jpg,ART
image_492,/lustre/groups/shared/histology_data/BM_cytomorphology_data/train/NIF/NIF_02308.jpg,NIF
image_493,/lustre/groups/shared/histology_data/BM_cytomorphology_data/train/OTH/OTH_00277.jpg,OTH
image_494,/lustre/groups/shared/histology_data/BM_cytomorphology_data/train/MYB/MYB_06021.jpg,MYB
image_495,/lustre/groups/shared/histology_data/BM_cytomorphology_data/train/PMO/PMO_02270.jpg,PMO
image_496,/lustre/groups/shared/histology_data/BM_cytomorphology_data/train/NIF/NIF_00730.jpg,NIF
image_497,/lustre/groups/shared/histology_data/BM_cytomorphology_data/train/EOS/EOS_03348.jpg,EOS
image_498,/lustre/groups/shared/histology_data/BM_cytomorphology_data/train/LYT/LYT_17401.jpg,LYT
image_499,/lustre/groups/shared/histology_data/BM_cytomorphology_data/train/OTH/OTH_00115.jpg,OTH
image_500,/lustre/groups/shared/histology_data/BM_cytomorphology_data/train/BLA/BLA_09421.jpg,BLA
image_501,/lustre/groups/shared/histology_data/BM_cytomorphology_data/train/BLA/BLA_02671.jpg,BLA
image_502,/lustre/groups/shared/histology_data/BM_cytomorphology_data/train/NIF/NIF_01208.jpg,NIF
image_503,/lustre/groups/shared/histology_data/BM_cytomorphology_data/train/EOS/EOS_03808.jpg,EOS
image_504,/lustre/groups/shared/histology_data/BM_cytomorphology_data/train/OTH/OTH_00061.jpg,OTH
image_505,/lustre/groups/shared/histology_data/BM_cytomorphology_data/train/PMO/PMO_06250.jpg,PMO
image_506,/lustre/groups/shared/histology_data/BM_cytomorphology_data/train/MYB/MYB_05552.jpg,MYB
image_507,/lustre/groups/shared/histology_data/BM_cytomorphology_data/train/PEB/PEB_02283.jpg,PEB
image_508,/lustre/groups/shared/histology_data/BM_cytomorphology_data/train/OTH/OTH_00235.jpg,OTH
image_509,/lustre/groups/shared/histology_data/BM_cytomorphology_data/train/MYB/MYB_05800.jpg,MYB
image_510,/lustre/groups/shared/histology_data/BM_cytomorphology_data/train/BAS/BAS_00432.jpg,BAS
image_511,/lustre/groups/shared/histology_data/BM_cytomorphology_data/train/ART/ART_02696.jpg,ART
image_512,/lustre/groups/shared/histology_data/BM_cytomorphology_data/train/MON/MON_03687.jpg,MON
image_513,/lustre/groups/shared/histology_data/BM_cytomorphology_data/train/MMZ/MMZ_02342.jpg,MMZ
image_514,/lustre/groups/shared/histology_data/BM_cytomorphology_data/train/PMO/PMO_08242.jpg,PMO
image_515,/lustre/groups/shared/histology_data/BM_cytomorphology_data/train/MON/MON_02206.jpg,MON
image_516,/lustre/groups/shared/histology_data/BM_cytomorphology_data/train/MYB/MYB_05030.jpg,MYB
image_517,/lustre/groups/shared/histology_data/BM_cytomorphology_data/train/ART/ART_08841.jpg,ART
image_518,/lustre/groups/shared/histology_data/BM_cytomorphology_data/train/PEB/PEB_01444.jpg,PEB
image_519,/lustre/groups/shared/histology_data/BM_cytomorphology_data/train/OTH/OTH_00252.jpg,OTH
image_520,/lustre/groups/shared/histology_data/BM_cytomorphology_data/train/EBO/EBO_02657.jpg,EBO
image_521,/lustre/groups/shared/histology_data/BM_cytomorphology_data/train/NIF/NIF_00365.jpg,NIF
image_522,/lustre/groups/shared/histology_data/BM_cytomorphology_data/train/ART/ART_19272.jpg,ART
image_523,/lustre/groups/shared/histology_data/BM_cytomorphology_data/train/MMZ/MMZ_00146.jpg,MMZ
image_524,/lustre/groups/shared/histology_data/BM_cytomorphology_data/train/NGS/NGS_06164.jpg,NGS
image_525,/lustre/groups/shared/histology_data/BM_cytomorphology_data/train/MYB/MYB_04994.jpg,MYB
image_526,/lustre/groups/shared/histology_data/BM_cytomorphology_data/train/EBO/EBO_19561.jpg,EBO
image_527,/lustre/groups/shared/histology_data/BM_cytomorphology_data/train/PEB/PEB_01310.jpg,PEB
image_528,/lustre/groups/shared/histology_data/BM_cytomorphology_data/train/MYB/MYB_01291.jpg,MYB
image_529,/lustre/groups/shared/histology_data/BM_cytomorphology_data/train/NIF/NIF_02885.jpg,NIF
image_530,/lustre/groups/shared/histology_data/BM_cytomorphology_data/train/PMO/PMO_04899.jpg,PMO
image_531,/lustre/groups/shared/histology_data/BM_cytomorphology_data/train/NGS/NGS_17967.jpg,NGS
image_532,/lustre/groups/shared/histology_data/BM_cytomorphology_data/train/PLM/PLM_00196.jpg,PLM
image_533,/lustre/groups/shared/histology_data/BM_cytomorphology_data/train/MMZ/MMZ_01827.jpg,MMZ
image_534,/lustre/groups/shared/histology_data/BM_cytomorphology_data/train/MON/MON_00405.jpg,MON
image_535,/lustre/groups/shared/histology_data/BM_cytomorphology_data/train/PEB/PEB_01228.jpg,PEB
image_536,/lustre/groups/shared/histology_data/BM_cytomorphology_data/train/NGS/NGS_08913.jpg,NGS
image_537,/lustre/groups/shared/histology_data/BM_cytomorphology_data/train/OTH/OTH_00166.jpg,OTH
image_538,/lustre/groups/shared/histology_data/BM_cytomorphology_data/train/LYT/LYT_13699.jpg,LYT
image_539,/lustre/groups/shared/histology_data/BM_cytomorphology_data/train/MYB/MYB_02931.jpg,MYB
image_540,/lustre/groups/shared/histology_data/BM_cytomorphology_data/train/PLM/PLM_02444.jpg,PLM
image_541,/lustre/groups/shared/histology_data/BM_cytomorphology_data/train/MYB/MYB_04350.jpg,MYB
image_542,/lustre/groups/shared/histology_data/BM_cytomorphology_data/train/OTH/OTH_00197.jpg,OTH
image_543,/lustre/groups/shared/histology_data/BM_cytomorphology_data/train/PEB/PEB_01808.jpg,PEB
image_544,/lustre/groups/shared/histology_data/BM_cytomorphology_data/train/OTH/OTH_00033.jpg,OTH
image_545,/lustre/groups/shared/histology_data/BM_cytomorphology_data/train/NGS/NGS_26485.jpg,NGS
image_546,/lustre/groups/shared/histology_data/BM_cytomorphology_data/train/PEB/PEB_02477.jpg,PEB
image_547,/lustre/groups/shared/histology_data/BM_cytomorphology_data/train/MMZ/MMZ_01641.jpg,MMZ
image_548,/lustre/groups/shared/histology_data/BM_cytomorphology_data/train/HAC/HAC_00058.jpg,HAC
image_549,/lustre/groups/shared/histology_data/BM_cytomorphology_data/train/ART/ART_11677.jpg,ART
image_550,/lustre/groups/shared/histology_data/BM_cytomorphology_data/train/MMZ/MMZ_00012.jpg,MMZ
image_551,/lustre/groups/shared/histology_data/BM_cytomorphology_data/train/BAS/BAS_00215.jpg,BAS
image_552,/lustre/groups/shared/histology_data/BM_cytomorphology_data/train/OTH/OTH_00152.jpg,OTH
image_553,/lustre/groups/shared/histology_data/BM_cytomorphology_data/train/PMO/PMO_07172.jpg,PMO
image_554,/lustre/groups/shared/histology_data/BM_cytomorphology_data/train/BLA/BLA_07126.jpg,BLA
image_555,/lustre/groups/shared/histology_data/BM_cytomorphology_data/train/EOS/EOS_00917.jpg,EOS
image_556,/lustre/groups/shared/histology_data/BM_cytomorphology_data/train/BAS/BAS_00024.jpg,BAS
image_557,/lustre/groups/shared/histology_data/BM_cytomorphology_data/train/OTH/OTH_00118.jpg,OTH
image_558,/lustre/groups/shared/histology_data/BM_cytomorphology_data/train/NGS/NGS_26051.jpg,NGS
image_559,/lustre/groups/shared/histology_data/BM_cytomorphology_data/train/EOS/EOS_00869.jpg,EOS
image_560,/lustre/groups/shared/histology_data/BM_cytomorphology_data/train/HAC/HAC_00240.jpg,HAC
image_561,/lustre/groups/shared/histology_data/BM_cytomorphology_data/train/NGS/NGS_12535.jpg,NGS
image_562,/lustre/groups/shared/histology_data/BM_cytomorphology_data/train/LYT/LYT_23789.jpg,LYT
image_563,/lustre/groups/shared/histology_data/BM_cytomorphology_data/train/PMO/PMO_05859.jpg,PMO
image_564,/lustre/groups/shared/histology_data/BM_cytomorphology_data/train/MYB/MYB_05494.jpg,MYB
image_565,/lustre/groups/shared/histology_data/BM_cytomorphology_data/train/LYT/LYT_00786.jpg,LYT
image_566,/lustre/groups/shared/histology_data/BM_cytomorphology_data/train/MON/MON_02992.jpg,MON
image_567,/lustre/groups/shared/histology_data/BM_cytomorphology_data/train/PEB/PEB_01298.jpg,PEB
image_568,/lustre/groups/shared/histology_data/BM_cytomorphology_data/train/NGS/NGS_11265.jpg,NGS
image_569,/lustre/groups/shared/histology_data/BM_cytomorphology_data/train/MON/MON_01141.jpg,MON
image_570,/lustre/groups/shared/histology_data/BM_cytomorphology_data/train/NGS/NGS_09797.jpg,NGS
image_571,/lustre/groups/shared/histology_data/BM_cytomorphology_data/train/MYB/MYB_02911.jpg,MYB
image_572,/lustre/groups/shared/histology_data/BM_cytomorphology_data/train/PLM/PLM_00279.jpg,PLM
image_573,/lustre/groups/shared/histology_data/BM_cytomorphology_data/train/MYB/MYB_02937.jpg,MYB
image_574,/lustre/groups/shared/histology_data/BM_cytomorphology_data/train/MMZ/MMZ_01962.jpg,MMZ
image_575,/lustre/groups/shared/histology_data/BM_cytomorphology_data/train/PLM/PLM_06000.jpg,PLM
image_576,/lustre/groups/shared/histology_data/BM_cytomorphology_data/train/PLM/PLM_04239.jpg,PLM
image_577,/lustre/groups/shared/histology_data/BM_cytomorphology_data/train/EBO/EBO_16848.jpg,EBO
image_578,/lustre/groups/shared/histology_data/BM_cytomorphology_data/train/BAS/BAS_00019.jpg,BAS
image_579,/lustre/groups/shared/histology_data/BM_cytomorphology_data/train/MMZ/MMZ_00086.jpg,MMZ
image_580,/lustre/groups/shared/histology_data/BM_cytomorphology_data/train/EBO/EBO_08004.jpg,EBO
image_581,/lustre/groups/shared/histology_data/BM_cytomorphology_data/train/BLA/BLA_00959.jpg,BLA
image_582,/lustre/groups/shared/histology_data/BM_cytomorphology_data/train/BLA/BLA_00776.jpg,BLA
image_583,/lustre/groups/shared/histology_data/BM_cytomorphology_data/train/EBO/EBO_25850.jpg,EBO
image_584,/lustre/groups/shared/histology_data/BM_cytomorphology_data/train/NGB/NGB_02727.jpg,NGB
image_585,/lustre/groups/shared/histology_data/BM_cytomorphology_data/train/MYB/MYB_03858.jpg,MYB
image_586,/lustre/groups/shared/histology_data/BM_cytomorphology_data/train/BLA/BLA_07290.jpg,BLA
image_587,/lustre/groups/shared/histology_data/BM_cytomorphology_data/train/NGS/NGS_14881.jpg,NGS
image_588,/lustre/groups/shared/histology_data/BM_cytomorphology_data/train/BAS/BAS_00156.jpg,BAS
image_589,/lustre/groups/shared/histology_data/BM_cytomorphology_data/train/LYT/LYT_23527.jpg,LYT
image_590,/lustre/groups/shared/histology_data/BM_cytomorphology_data/train/PMO/PMO_06965.jpg,PMO
image_591,/lustre/groups/shared/histology_data/BM_cytomorphology_data/train/OTH/OTH_00255.jpg,OTH
image_592,/lustre/groups/shared/histology_data/BM_cytomorphology_data/train/PMO/PMO_07577.jpg,PMO
image_593,/lustre/groups/shared/histology_data/BM_cytomorphology_data/train/OTH/OTH_00058.jpg,OTH
image_594,/lustre/groups/shared/histology_data/BM_cytomorphology_data/train/HAC/HAC_00283.jpg,HAC
image_595,/lustre/groups/shared/histology_data/BM_cytomorphology_data/train/ART/ART_01667.jpg,ART
image_596,/lustre/groups/shared/histology_data/BM_cytomorphology_data/train/NIF/NIF_03202.jpg,NIF
image_597,/lustre/groups/shared/histology_data/BM_cytomorphology_data/train/PLM/PLM_03795.jpg,PLM
image_598,/lustre/groups/shared/histology_data/BM_cytomorphology_data/train/MMZ/MMZ_01828.jpg,MMZ
image_599,/lustre/groups/shared/histology_data/BM_cytomorphology_data/train/PMO/PMO_07180.jpg,PMO
image_600,/lustre/groups/shared/histology_data/BM_cytomorphology_data/train/PLM/PLM_07371.jpg,PLM
image_601,/lustre/groups/shared/histology_data/BM_cytomorphology_data/train/ART/ART_16940.jpg,ART
image_602,/lustre/groups/shared/histology_data/BM_cytomorphology_data/train/ART/ART_08233.jpg,ART
image_603,/lustre/groups/shared/histology_data/BM_cytomorphology_data/train/BLA/BLA_07115.jpg,BLA
image_604,/lustre/groups/shared/histology_data/BM_cytomorphology_data/train/MYB/MYB_01525.jpg,MYB
image_605,/lustre/groups/shared/histology_data/BM_cytomorphology_data/train/PMO/PMO_05733.jpg,PMO
image_606,/lustre/groups/shared/histology_data/BM_cytomorphology_data/train/LYT/LYT_15092.jpg,LYT
image_607,/lustre/groups/shared/histology_data/BM_cytomorphology_data/train/PEB/PEB_02720.jpg,PEB
image_608,/lustre/groups/shared/histology_data/BM_cytomorphology_data/train/HAC/HAC_00222.jpg,HAC
image_609,/lustre/groups/shared/histology_data/BM_cytomorphology_data/train/EBO/EBO_24487.jpg,EBO
image_610,/lustre/groups/shared/histology_data/BM_cytomorphology_data/train/EBO/EBO_19273.jpg,EBO
image_611,/lustre/groups/shared/histology_data/BM_cytomorphology_data/train/PLM/PLM_00213.jpg,PLM
image_612,/lustre/groups/shared/histology_data/BM_cytomorphology_data/train/LYT/LYT_24254.jpg,LYT
image_613,/lustre/groups/shared/histology_data/BM_cytomorphology_data/train/PLM/PLM_02338.jpg,PLM
image_614,/lustre/groups/shared/histology_data/BM_cytomorphology_data/train/NIF/NIF_00529.jpg,NIF
image_615,/lustre/groups/shared/histology_data/BM_cytomorphology_data/train/HAC/HAC_00030.jpg,HAC
image_616,/lustre/groups/shared/histology_data/BM_cytomorphology_data/train/NIF/NIF_01990.jpg,NIF
image_617,/lustre/groups/shared/histology_data/BM_cytomorphology_data/train/MYB/MYB_05205.jpg,MYB
image_618,/lustre/groups/shared/histology_data/BM_cytomorphology_data/train/EBO/EBO_02078.jpg,EBO
image_619,/lustre/groups/shared/histology_data/BM_cytomorphology_data/train/MON/MON_03068.jpg,MON
image_620,/lustre/groups/shared/histology_data/BM_cytomorphology_data/train/PLM/PLM_00810.jpg,PLM
image_621,/lustre/groups/shared/histology_data/BM_cytomorphology_data/train/EBO/EBO_14170.jpg,EBO
image_622,/lustre/groups/shared/histology_data/BM_cytomorphology_data/train/NGS/NGS_21916.jpg,NGS
image_623,/lustre/groups/shared/histology_data/BM_cytomorphology_data/train/MYB/MYB_01547.jpg,MYB
image_624,/lustre/groups/shared/histology_data/BM_cytomorphology_data/train/PLM/PLM_01817.jpg,PLM
image_625,/lustre/groups/shared/histology_data/BM_cytomorphology_data/train/ART/ART_11261.jpg,ART
image_626,/lustre/groups/shared/histology_data/BM_cytomorphology_data/train/ART/ART_13057.jpg,ART
image_627,/lustre/groups/shared/histology_data/BM_cytomorphology_data/train/BLA/BLA_01504.jpg,BLA
image_628,/lustre/groups/shared/histology_data/BM_cytomorphology_data/train/EBO/EBO_25716.jpg,EBO
image_629,/lustre/groups/shared/histology_data/BM_cytomorphology_data/train/MYB/MYB_00911.jpg,MYB
image_630,/lustre/groups/shared/histology_data/BM_cytomorphology_data/train/BAS/BAS_00183.jpg,BAS
image_631,/lustre/groups/shared/histology_data/BM_cytomorphology_data/train/BLA/BLA_01557.jpg,BLA
image_632,/lustre/groups/shared/histology_data/BM_cytomorphology_data/train/BAS/BAS_00342.jpg,BAS
image_633,/lustre/groups/shared/histology_data/BM_cytomorphology_data/train/BLA/BLA_09127.jpg,BLA
image_634,/lustre/groups/shared/histology_data/BM_cytomorphology_data/train/LYT/LYT_01659.jpg,LYT
image_635,/lustre/groups/shared/histology_data/BM_cytomorphology_data/train/EBO/EBO_08564.jpg,EBO
image_636,/lustre/groups/shared/histology_data/BM_cytomorphology_data/train/BLA/BLA_06363.jpg,BLA
image_637,/lustre/groups/shared/histology_data/BM_cytomorphology_data/train/PMO/PMO_11626.jpg,PMO
image_638,/lustre/groups/shared/histology_data/BM_cytomorphology_data/train/PMO/PMO_02392.jpg,PMO
image_639,/lustre/groups/shared/histology_data/BM_cytomorphology_data/train/LYT/LYT_22703.jpg,LYT
image_640,/lustre/groups/shared/histology_data/BM_cytomorphology_data/train/BAS/BAS_00373.jpg,BAS
image_641,/lustre/groups/shared/histology_data/BM_cytomorphology_data/train/LYT/LYT_17431.jpg,LYT
image_642,/lustre/groups/shared/histology_data/BM_cytomorphology_data/train/LYT/LYT_10679.jpg,LYT
image_643,/lustre/groups/shared/histology_data/BM_cytomorphology_data/train/LYT/LYT_10594.jpg,LYT
image_644,/lustre/groups/shared/histology_data/BM_cytomorphology_data/train/PLM/PLM_01499.jpg,PLM
image_645,/lustre/groups/shared/histology_data/BM_cytomorphology_data/train/MON/MON_03059.jpg,MON
image_646,/lustre/groups/shared/histology_data/BM_cytomorphology_data/train/PMO/PMO_06478.jpg,PMO
image_647,/lustre/groups/shared/histology_data/BM_cytomorphology_data/train/EOS/EOS_02951.jpg,EOS
image_648,/lustre/groups/shared/histology_data/BM_cytomorphology_data/train/NGS/NGS_01101.jpg,NGS
image_649,/lustre/groups/shared/histology_data/BM_cytomorphology_data/train/PEB/PEB_02010.jpg,PEB
image_650,/lustre/groups/shared/histology_data/BM_cytomorphology_data/train/ART/ART_14295.jpg,ART
image_651,/lustre/groups/shared/histology_data/BM_cytomorphology_data/train/LYT/LYT_06478.jpg,LYT
image_652,/lustre/groups/shared/histology_data/BM_cytomorphology_data/train/BLA/BLA_09393.jpg,BLA
image_653,/lustre/groups/shared/histology_data/BM_cytomorphology_data/train/HAC/HAC_00355.jpg,HAC
image_654,/lustre/groups/shared/histology_data/BM_cytomorphology_data/train/EBO/EBO_11036.jpg,EBO
image_655,/lustre/groups/shared/histology_data/BM_cytomorphology_data/train/BAS/BAS_00345.jpg,BAS
image_656,/lustre/groups/shared/histology_data/BM_cytomorphology_data/train/MON/MON_01069.jpg,MON
image_657,/lustre/groups/shared/histology_data/BM_cytomorphology_data/train/PLM/PLM_01524.jpg,PLM
image_658,/lustre/groups/shared/histology_data/BM_cytomorphology_data/train/EOS/EOS_02130.jpg,EOS
image_659,/lustre/groups/shared/histology_data/BM_cytomorphology_data/train/BAS/BAS_00262.jpg,BAS
image_660,/lustre/groups/shared/histology_data/BM_cytomorphology_data/train/PMO/PMO_08846.jpg,PMO
image_661,/lustre/groups/shared/histology_data/BM_cytomorphology_data/train/NIF/NIF_01032.jpg,NIF
image_662,/lustre/groups/shared/histology_data/BM_cytomorphology_data/train/PLM/PLM_05966.jpg,PLM
image_663,/lustre/groups/shared/histology_data/BM_cytomorphology_data/train/BLA/BLA_05082.jpg,BLA
image_664,/lustre/groups/shared/histology_data/BM_cytomorphology_data/train/LYT/LYT_19137.jpg,LYT
image_665,/lustre/groups/shared/histology_data/BM_cytomorphology_data/train/EOS/EOS_03231.jpg,EOS
image_666,/lustre/groups/shared/histology_data/BM_cytomorphology_data/train/ART/ART_13268.jpg,ART
image_667,/lustre/groups/shared/histology_data/BM_cytomorphology_data/train/PLM/PLM_00482.jpg,PLM
image_668,/lustre/groups/shared/histology_data/BM_cytomorphology_data/train/PLM/PLM_06182.jpg,PLM
image_669,/lustre/groups/shared/histology_data/BM_cytomorphology_data/train/ART/ART_07056.jpg,ART
image_670,/lustre/groups/shared/histology_data/BM_cytomorphology_data/train/EOS/EOS_01043.jpg,EOS
image_671,/lustre/groups/shared/histology_data/BM_cytomorphology_data/train/EOS/EOS_01812.jpg,EOS
image_672,/lustre/groups/shared/histology_data/BM_cytomorphology_data/train/BAS/BAS_00140.jpg,BAS
image_673,/lustre/groups/shared/histology_data/BM_cytomorphology_data/train/NGS/NGS_27659.jpg,NGS
image_674,/lustre/groups/shared/histology_data/BM_cytomorphology_data/train/PMO/PMO_11349.jpg,PMO
image_675,/lustre/groups/shared/histology_data/BM_cytomorphology_data/train/HAC/HAC_00244.jpg,HAC
image_676,/lustre/groups/shared/histology_data/BM_cytomorphology_data/train/NIF/NIF_01057.jpg,NIF
image_677,/lustre/groups/shared/histology_data/BM_cytomorphology_data/train/PEB/PEB_01271.jpg,PEB
image_678,/lustre/groups/shared/histology_data/BM_cytomorphology_data/train/PLM/PLM_03499.jpg,PLM
image_679,/lustre/groups/shared/histology_data/BM_cytomorphology_data/train/NGS/NGS_19284.jpg,NGS
image_680,/lustre/groups/shared/histology_data/BM_cytomorphology_data/train/LYT/LYT_09890.jpg,LYT
image_681,/lustre/groups/shared/histology_data/BM_cytomorphology_data/train/LYT/LYT_21446.jpg,LYT
image_682,/lustre/groups/shared/histology_data/BM_cytomorphology_data/train/PLM/PLM_06084.jpg,PLM
image_683,/lustre/groups/shared/histology_data/BM_cytomorphology_data/train/MON/MON_01399.jpg,MON
image_684,/lustre/groups/shared/histology_data/BM_cytomorphology_data/train/PLM/PLM_01752.jpg,PLM
image_685,/lustre/groups/shared/histology_data/BM_cytomorphology_data/train/MON/MON_02737.jpg,MON
image_686,/lustre/groups/shared/histology_data/BM_cytomorphology_data/train/MMZ/MMZ_02498.jpg,MMZ
image_687,/lustre/groups/shared/histology_data/BM_cytomorphology_data/train/NGS/NGS_07692.jpg,NGS
image_688,/lustre/groups/shared/histology_data/BM_cytomorphology_data/train/MMZ/MMZ_01076.jpg,MMZ
image_689,/lustre/groups/shared/histology_data/BM_cytomorphology_data/train/NGB/NGB_08937.jpg,NGB
image_690,/lustre/groups/shared/histology_data/BM_cytomorphology_data/train/BAS/BAS_00248.jpg,BAS
image_691,/lustre/groups/shared/histology_data/BM_cytomorphology_data/train/MYB/MYB_05984.jpg,MYB
image_692,/lustre/groups/shared/histology_data/BM_cytomorphology_data/train/PEB/PEB_02556.jpg,PEB
image_693,/lustre/groups/shared/histology_data/BM_cytomorphology_data/train/OTH/OTH_00284.jpg,OTH
image_694,/lustre/groups/shared/histology_data/BM_cytomorphology_data/train/PEB/PEB_01229.jpg,PEB
image_695,/lustre/groups/shared/histology_data/BM_cytomorphology_data/train/MYB/MYB_00462.jpg,MYB
image_696,/lustre/groups/shared/histology_data/BM_cytomorphology_data/train/PMO/PMO_10793.jpg,PMO
image_697,/lustre/groups/shared/histology_data/BM_cytomorphology_data/train/NGS/NGS_05793.jpg,NGS
image_698,/lustre/groups/shared/histology_data/BM_cytomorphology_data/train/MON/MON_03871.jpg,MON
image_699,/lustre/groups/shared/histology_data/BM_cytomorphology_data/train/NGS/NGS_10612.jpg,NGS
image_700,/lustre/groups/shared/histology_data/BM_cytomorphology_data/train/NGB/NGB_01760.jpg,NGB
image_701,/lustre/groups/shared/histology_data/BM_cytomorphology_data/train/MMZ/MMZ_00053.jpg,MMZ
image_702,/lustre/groups/shared/histology_data/BM_cytomorphology_data/train/BAS/BAS_00286.jpg,BAS
image_703,/lustre/groups/shared/histology_data/BM_cytomorphology_data/train/MMZ/MMZ_02864.jpg,MMZ
image_704,/lustre/groups/shared/histology_data/BM_cytomorphology_data/train/PMO/PMO_03404.jpg,PMO
image_705,/lustre/groups/shared/histology_data/BM_cytomorphology_data/train/HAC/HAC_00184.jpg,HAC
image_706,/lustre/groups/shared/histology_data/BM_cytomorphology_data/train/MMZ/MMZ_02246.jpg,MMZ
image_707,/lustre/groups/shared/histology_data/BM_cytomorphology_data/train/MON/MON_00184.jpg,MON
image_708,/lustre/groups/shared/histology_data/BM_cytomorphology_data/train/BAS/BAS_00355.jpg,BAS
image_709,/lustre/groups/shared/histology_data/BM_cytomorphology_data/train/EOS/EOS_00118.jpg,EOS
image_710,/lustre/groups/shared/histology_data/BM_cytomorphology_data/train/EOS/EOS_00161.jpg,EOS
image_711,/lustre/groups/shared/histology_data/BM_cytomorphology_data/train/MON/MON_01357.jpg,MON
image_712,/lustre/groups/shared/histology_data/BM_cytomorphology_data/train/BAS/BAS_00276.jpg,BAS
image_713,/lustre/groups/shared/histology_data/BM_cytomorphology_data/train/OTH/OTH_00021.jpg,OTH
image_714,/lustre/groups/shared/histology_data/BM_cytomorphology_data/train/PLM/PLM_02348.jpg,PLM
image_715,/lustre/groups/shared/histology_data/BM_cytomorphology_data/train/LYT/LYT_24181.jpg,LYT
image_716,/lustre/groups/shared/histology_data/BM_cytomorphology_data/train/PLM/PLM_05931.jpg,PLM
image_717,/lustre/groups/shared/histology_data/BM_cytomorphology_data/train/PEB/PEB_01157.jpg,PEB
image_718,/lustre/groups/shared/histology_data/BM_cytomorphology_data/train/PMO/PMO_00336.jpg,PMO
image_719,/lustre/groups/shared/histology_data/BM_cytomorphology_data/train/NGB/NGB_08385.jpg,NGB
image_720,/lustre/groups/shared/histology_data/BM_cytomorphology_data/train/MMZ/MMZ_01881.jpg,MMZ
image_721,/lustre/groups/shared/histology_data/BM_cytomorphology_data/train/BLA/BLA_00247.jpg,BLA
image_722,/lustre/groups/shared/histology_data/BM_cytomorphology_data/train/PEB/PEB_01629.jpg,PEB
image_723,/lustre/groups/shared/histology_data/BM_cytomorphology_data/train/OTH/OTH_00117.jpg,OTH
image_724,/lustre/groups/shared/histology_data/BM_cytomorphology_data/train/OTH/OTH_00247.jpg,OTH
image_725,/lustre/groups/shared/histology_data/BM_cytomorphology_data/train/BAS/BAS_00227.jpg,BAS
image_726,/lustre/groups/shared/histology_data/BM_cytomorphology_data/train/EBO/EBO_24537.jpg,EBO
image_727,/lustre/groups/shared/histology_data/BM_cytomorphology_data/train/OTH/OTH_00186.jpg,OTH
image_728,/lustre/groups/shared/histology_data/BM_cytomorphology_data/train/LYT/LYT_21413.jpg,LYT
image_729,/lustre/groups/shared/histology_data/BM_cytomorphology_data/train/BAS/BAS_00030.jpg,BAS
image_730,/lustre/groups/shared/histology_data/BM_cytomorphology_data/train/HAC/HAC_00003.jpg,HAC
image_731,/lustre/groups/shared/histology_data/BM_cytomorphology_data/train/EOS/EOS_04676.jpg,EOS
image_732,/lustre/groups/shared/histology_data/BM_cytomorphology_data/train/ART/ART_14237.jpg,ART
image_733,/lustre/groups/shared/histology_data/BM_cytomorphology_data/train/BLA/BLA_00283.jpg,BLA
image_734,/lustre/groups/shared/histology_data/BM_cytomorphology_data/train/PMO/PMO_01845.jpg,PMO
image_735,/lustre/groups/shared/histology_data/BM_cytomorphology_data/train/EOS/EOS_01069.jpg,EOS
image_736,/lustre/groups/shared/histology_data/BM_cytomorphology_data/train/MMZ/MMZ_02165.jpg,MMZ
image_737,/lustre/groups/shared/histology_data/BM_cytomorphology_data/train/HAC/HAC_00271.jpg,HAC
image_738,/lustre/groups/shared/histology_data/BM_cytomorphology_data/train/EBO/EBO_17376.jpg,EBO
image_739,/lustre/groups/shared/histology_data/BM_cytomorphology_data/train/NGB/NGB_07197.jpg,NGB
image_740,/lustre/groups/shared/histology_data/BM_cytomorphology_data/train/HAC/HAC_00234.jpg,HAC
image_741,/lustre/groups/shared/histology_data/BM_cytomorphology_data/train/PLM/PLM_03826.jpg,PLM
image_742,/lustre/groups/shared/histology_data/BM_cytomorphology_data/train/EBO/EBO_23725.jpg,EBO
image_743,/lustre/groups/shared/histology_data/BM_cytomorphology_data/train/NGS/NGS_26602.jpg,NGS
image_744,/lustre/groups/shared/histology_data/BM_cytomorphology_data/train/PEB/PEB_02601.jpg,PEB
image_745,/lustre/groups/shared/histology_data/BM_cytomorphology_data/train/NGB/NGB_02194.jpg,NGB
image_746,/lustre/groups/shared/histology_data/BM_cytomorphology_data/train/OTH/OTH_00120.jpg,OTH
image_747,/lustre/groups/shared/histology_data/BM_cytomorphology_data/train/MYB/MYB_02379.jpg,MYB
image_748,/lustre/groups/shared/histology_data/BM_cytomorphology_data/train/OTH/OTH_00180.jpg,OTH
image_749,/lustre/groups/shared/histology_data/BM_cytomorphology_data/train/HAC/HAC_00118.jpg,HAC
image_750,/lustre/groups/shared/histology_data/BM_cytomorphology_data/train/EOS/EOS_05626.jpg,EOS
image_751,/lustre/groups/shared/histology_data/BM_cytomorphology_data/train/MYB/MYB_05064.jpg,MYB
image_752,/lustre/groups/shared/histology_data/BM_cytomorphology_data/train/BAS/BAS_00224.jpg,BAS
image_753,/lustre/groups/shared/histology_data/BM_cytomorphology_data/train/NGB/NGB_00155.jpg,NGB
image_754,/lustre/groups/shared/histology_data/BM_cytomorphology_data/train/NIF/NIF_03161.jpg,NIF
image_755,/lustre/groups/shared/histology_data/BM_cytomorphology_data/train/MON/MON_03702.jpg,MON
image_756,/lustre/groups/shared/histology_data/BM_cytomorphology_data/train/MON/MON_03767.jpg,MON
image_757,/lustre/groups/shared/histology_data/BM_cytomorphology_data/train/MON/MON_00770.jpg,MON
image_758,/lustre/groups/shared/histology_data/BM_cytomorphology_data/train/ART/ART_13623.jpg,ART
image_759,/lustre/groups/shared/histology_data/BM_cytomorphology_data/train/PMO/PMO_10110.jpg,PMO
image_760,/lustre/groups/shared/histology_data/BM_cytomorphology_data/train/ART/ART_00210.jpg,ART
image_761,/lustre/groups/shared/histology_data/BM_cytomorphology_data/train/MON/MON_00572.jpg,MON
image_762,/lustre/groups/shared/histology_data/BM_cytomorphology_data/train/HAC/HAC_00292.jpg,HAC
image_763,/lustre/groups/shared/histology_data/BM_cytomorphology_data/train/HAC/HAC_00312.jpg,HAC
image_764,/lustre/groups/shared/histology_data/BM_cytomorphology_data/train/NGS/NGS_00361.jpg,NGS
image_765,/lustre/groups/shared/histology_data/BM_cytomorphology_data/train/ART/ART_15356.jpg,ART
image_766,/lustre/groups/shared/histology_data/BM_cytomorphology_data/train/BAS/BAS_00403.jpg,BAS
image_767,/lustre/groups/shared/histology_data/BM_cytomorphology_data/train/MYB/MYB_06084.jpg,MYB
image_768,/lustre/groups/shared/histology_data/BM_cytomorphology_data/train/MMZ/MMZ_00319.jpg,MMZ
image_769,/lustre/groups/shared/histology_data/BM_cytomorphology_data/train/MON/MON_01232.jpg,MON
image_770,/lustre/groups/shared/histology_data/BM_cytomorphology_data/train/BLA/BLA_00409.jpg,BLA
image_771,/lustre/groups/shared/histology_data/BM_cytomorphology_data/train/MON/MON_02789.jpg,MON
image_772,/lustre/groups/shared/histology_data/BM_cytomorphology_data/train/HAC/HAC_00402.jpg,HAC
image_773,/lustre/groups/shared/histology_data/BM_cytomorphology_data/train/LYT/LYT_20923.jpg,LYT
image_774,/lustre/groups/shared/histology_data/BM_cytomorphology_data/train/EBO/EBO_20368.jpg,EBO
image_775,/lustre/groups/shared/histology_data/BM_cytomorphology_data/train/MMZ/MMZ_01326.jpg,MMZ
image_776,/lustre/groups/shared/histology_data/BM_cytomorphology_data/train/EOS/EOS_00629.jpg,EOS
image_777,/lustre/groups/shared/histology_data/BM_cytomorphology_data/train/OTH/OTH_00293.jpg,OTH
image_778,/lustre/groups/shared/histology_data/BM_cytomorphology_data/train/LYT/LYT_07216.jpg,LYT
image_779,/lustre/groups/shared/histology_data/BM_cytomorphology_data/train/MMZ/MMZ_00113.jpg,MMZ
image_780,/lustre/groups/shared/histology_data/BM_cytomorphology_data/train/NGB/NGB_03896.jpg,NGB
image_781,/lustre/groups/shared/histology_data/BM_cytomorphology_data/train/BAS/BAS_00366.jpg,BAS
image_782,/lustre/groups/shared/histology_data/BM_cytomorphology_data/train/OTH/OTH_00209.jpg,OTH
image_783,/lustre/groups/shared/histology_data/BM_cytomorphology_data/train/LYT/LYT_20375.jpg,LYT
image_784,/lustre/groups/shared/histology_data/BM_cytomorphology_data/train/PEB/PEB_01536.jpg,PEB
image_785,/lustre/groups/shared/histology_data/BM_cytomorphology_data/train/BLA/BLA_10657.jpg,BLA
image_786,/lustre/groups/shared/histology_data/BM_cytomorphology_data/train/HAC/HAC_00389.jpg,HAC
image_787,/lustre/groups/shared/histology_data/BM_cytomorphology_data/train/EOS/EOS_02239.jpg,EOS
image_788,/lustre/groups/shared/histology_data/BM_cytomorphology_data/train/NGB/NGB_00913.jpg,NGB
image_789,/lustre/groups/shared/histology_data/BM_cytomorphology_data/train/NIF/NIF_00790.jpg,NIF
image_790,/lustre/groups/shared/histology_data/BM_cytomorphology_data/train/MMZ/MMZ_00400.jpg,MMZ
image_791,/lustre/groups/shared/histology_data/BM_cytomorphology_data/train/NIF/NIF_00850.jpg,NIF
image_792,/lustre/groups/shared/histology_data/BM_cytomorphology_data/train/LYT/LYT_14263.jpg,LYT
image_793,/lustre/groups/shared/histology_data/BM_cytomorphology_data/train/BAS/BAS_00241.jpg,BAS
image_794,/lustre/groups/shared/histology_data/BM_cytomorphology_data/train/OTH/OTH_00119.jpg,OTH
image_795,/lustre/groups/shared/histology_data/BM_cytomorphology_data/train/NIF/NIF_00873.jpg,NIF
image_796,/lustre/groups/shared/histology_data/BM_cytomorphology_data/train/MMZ/MMZ_01349.jpg,MMZ
image_797,/lustre/groups/shared/histology_data/BM_cytomorphology_data/train/EOS/EOS_04409.jpg,EOS
image_798,/lustre/groups/shared/histology_data/BM_cytomorphology_data/train/ART/ART_10471.jpg,ART
image_799,/lustre/groups/shared/histology_data/BM_cytomorphology_data/train/MYB/MYB_00645.jpg,MYB
image_800,/lustre/groups/shared/histology_data/BM_cytomorphology_data/train/NGS/NGS_20510.jpg,NGS
image_801,/lustre/groups/shared/histology_data/BM_cytomorphology_data/train/PLM/PLM_05206.jpg,PLM
image_802,/lustre/groups/shared/histology_data/BM_cytomorphology_data/train/HAC/HAC_00086.jpg,HAC
image_803,/lustre/groups/shared/histology_data/BM_cytomorphology_data/train/NGS/NGS_07800.jpg,NGS
image_804,/lustre/groups/shared/histology_data/BM_cytomorphology_data/train/PEB/PEB_01278.jpg,PEB
image_805,/lustre/groups/shared/histology_data/BM_cytomorphology_data/train/BAS/BAS_00409.jpg,BAS
image_806,/lustre/groups/shared/histology_data/BM_cytomorphology_data/train/MMZ/MMZ_00627.jpg,MMZ
image_807,/lustre/groups/shared/histology_data/BM_cytomorphology_data/train/MMZ/MMZ_02544.jpg,MMZ
image_808,/lustre/groups/shared/histology_data/BM_cytomorphology_data/train/PMO/PMO_08036.jpg,PMO
image_809,/lustre/groups/shared/histology_data/BM_cytomorphology_data/train/MYB/MYB_05729.jpg,MYB
image_810,/lustre/groups/shared/histology_data/BM_cytomorphology_data/train/LYT/LYT_10604.jpg,LYT
image_811,/lustre/groups/shared/histology_data/BM_cytomorphology_data/train/PMO/PMO_06674.jpg,PMO
image_812,/lustre/groups/shared/histology_data/BM_cytomorphology_data/train/HAC/HAC_00354.jpg,HAC
image_813,/lustre/groups/shared/histology_data/BM_cytomorphology_data/train/PMO/PMO_06374.jpg,PMO
image_814,/lustre/groups/shared/histology_data/BM_cytomorphology_data/train/PEB/PEB_02275.jpg,PEB
image_815,/lustre/groups/shared/histology_data/BM_cytomorphology_data/train/NGB/NGB_08830.jpg,NGB
image_816,/lustre/groups/shared/histology_data/BM_cytomorphology_data/train/HAC/HAC_00338.jpg,HAC
image_817,/lustre/groups/shared/histology_data/BM_cytomorphology_data/train/MMZ/MMZ_02551.jpg,MMZ
image_818,/lustre/groups/shared/histology_data/BM_cytomorphology_data/train/MON/MON_00203.jpg,MON
image_819,/lustre/groups/shared/histology_data/BM_cytomorphology_data/train/ART/ART_10763.jpg,ART
image_820,/lustre/groups/shared/histology_data/BM_cytomorphology_data/train/OTH/OTH_00204.jpg,OTH
image_821,/lustre/groups/shared/histology_data/BM_cytomorphology_data/train/NIF/NIF_02770.jpg,NIF
image_822,/lustre/groups/shared/histology_data/BM_cytomorphology_data/train/HAC/HAC_00167.jpg,HAC
image_823,/lustre/groups/shared/histology_data/BM_cytomorphology_data/train/MYB/MYB_01399.jpg,MYB
image_824,/lustre/groups/shared/histology_data/BM_cytomorphology_data/train/ART/ART_14495.jpg,ART
image_825,/lustre/groups/shared/histology_data/BM_cytomorphology_data/train/MYB/MYB_04527.jpg,MYB
image_826,/lustre/groups/shared/histology_data/BM_cytomorphology_data/train/EOS/EOS_05705.jpg,EOS
image_827,/lustre/groups/shared/histology_data/BM_cytomorphology_data/train/NGS/NGS_21815.jpg,NGS
image_828,/lustre/groups/shared/histology_data/BM_cytomorphology_data/train/BLA/BLA_09193.jpg,BLA
image_829,/lustre/groups/shared/histology_data/BM_cytomorphology_data/train/HAC/HAC_00215.jpg,HAC
image_830,/lustre/groups/shared/histology_data/BM_cytomorphology_data/train/NIF/NIF_02505.jpg,NIF
image_831,/lustre/groups/shared/histology_data/BM_cytomorphology_data/train/LYT/LYT_15487.jpg,LYT
image_832,/lustre/groups/shared/histology_data/BM_cytomorphology_data/train/NIF/NIF_00979.jpg,NIF
image_833,/lustre/groups/shared/histology_data/BM_cytomorphology_data/train/PMO/PMO_00545.jpg,PMO
image_834,/lustre/groups/shared/histology_data/BM_cytomorphology_data/train/EBO/EBO_19733.jpg,EBO
image_835,/lustre/groups/shared/histology_data/BM_cytomorphology_data/train/PMO/PMO_11988.jpg,PMO
image_836,/lustre/groups/shared/histology_data/BM_cytomorphology_data/train/NGB/NGB_08421.jpg,NGB
image_837,/lustre/groups/shared/histology_data/BM_cytomorphology_data/train/EOS/EOS_01784.jpg,EOS
image_838,/lustre/groups/shared/histology_data/BM_cytomorphology_data/train/NGB/NGB_09696.jpg,NGB
image_839,/lustre/groups/shared/histology_data/BM_cytomorphology_data/train/HAC/HAC_00406.jpg,HAC
image_840,/lustre/groups/shared/histology_data/BM_cytomorphology_data/train/NIF/NIF_00964.jpg,NIF
image_841,/lustre/groups/shared/histology_data/BM_cytomorphology_data/train/BAS/BAS_00096.jpg,BAS
image_842,/lustre/groups/shared/histology_data/BM_cytomorphology_data/train/HAC/HAC_00026.jpg,HAC
image_843,/lustre/groups/shared/histology_data/BM_cytomorphology_data/train/EBO/EBO_19794.jpg,EBO
image_844,/lustre/groups/shared/histology_data/BM_cytomorphology_data/train/PLM/PLM_02224.jpg,PLM
image_845,/lustre/groups/shared/histology_data/BM_cytomorphology_data/train/OTH/OTH_00019.jpg,OTH
image_846,/lustre/groups/shared/histology_data/BM_cytomorphology_data/train/PMO/PMO_03249.jpg,PMO
image_847,/lustre/groups/shared/histology_data/BM_cytomorphology_data/train/NGB/NGB_06783.jpg,NGB
image_848,/lustre/groups/shared/histology_data/BM_cytomorphology_data/train/EBO/EBO_11396.jpg,EBO
image_849,/lustre/groups/shared/histology_data/BM_cytomorphology_data/train/ART/ART_08281.jpg,ART
image_850,/lustre/groups/shared/histology_data/BM_cytomorphology_data/train/BLA/BLA_09426.jpg,BLA
image_851,/lustre/groups/shared/histology_data/BM_cytomorphology_data/train/EBO/EBO_08248.jpg,EBO
